#node1	node2	node1_string_internal_id	node2_string_internal_id	node1_external_id	node2_external_id	neighborhood_on_chromosome	gene_fusion	phylogenetic_cooccurrence	homology	coexpression	experimentally_determined_interaction	database_annotated	automated_textmining	combined_score
CTNNB1	AXIN1	1852818	1845118	9606.ENSP00000344456	9606.ENSP00000262320	0	0	0	0	0	0.999	0.900	0	0.999
SMAD2	SKIL	1845079	1844666	9606.ENSP00000262160	9606.ENSP00000259119	0	0	0	0	0	0.997	0.900	0	0.999
SP1	EP300	1851138	1845316	9606.ENSP00000329357	9606.ENSP00000263253	0	0	0	0	0	0.999	0.900	0	0.999
SMAD3	ZFYVE9	1851536	1847085	9606.ENSP00000332973	9606.ENSP00000287727	0	0	0	0	0	0.994	0.900	0	0.999
JUN	UBC	1855436	1852861	9606.ENSP00000360266	9606.ENSP00000344818	0	0	0	0	0	0.999	0	0	0.999
TP53	EP300	1846083	1845316	9606.ENSP00000269305	9606.ENSP00000263253	0	0	0	0	0	0.999	0.900	0	0.999
EZH2	SUZ12	1850211	1849881	9606.ENSP00000320147	9606.ENSP00000316578	0	0	0	0	0	0.999	0.900	0	0.999
TGFBR2	TGFB3	1853779	1843496	9606.ENSP00000351905	9606.ENSP00000238682	0	0	0	0	0	0.999	0.900	0	0.999
CDKN2A	CDK6	1859838	1845799	9606.ENSP00000394932	9606.ENSP00000265734	0	0	0	0	0	0.999	0.900	0	0.999
HDAC1	UBC	1855935	1852861	9606.ENSP00000362649	9606.ENSP00000344818	0	0	0	0	0	0.999	0	0	0.999
SMAD4	SMAD2	1852473	1845079	9606.ENSP00000341551	9606.ENSP00000262160	0	0	0	0.750	0	0.999	0.900	0	0.999
JUN	CREBBP	1855436	1845124	9606.ENSP00000360266	9606.ENSP00000262367	0	0	0	0	0	0.992	0.900	0	0.999
CDK4	CDKN1A	1844551	1843736	9606.ENSP00000257904	9606.ENSP00000244741	0	0	0	0	0	0.999	0.900	0	0.999
TRIM33	SMAD4	1853689	1852473	9606.ENSP00000351250	9606.ENSP00000341551	0	0	0	0	0	0.994	0.900	0	0.999
TP53	CDKN1A	1846083	1843736	9606.ENSP00000269305	9606.ENSP00000244741	0	0	0	0	0	0.999	0.900	0	0.999
SMAD4	SMAD3	1852473	1851536	9606.ENSP00000341551	9606.ENSP00000332973	0	0	0	0.772	0	0.999	0.900	0	0.999
RAN	KPNB1	1857999	1847208	9606.ENSP00000376176	9606.ENSP00000290158	0	0	0	0	0	0.999	0.900	0	0.999
SP1	TP53	1851138	1846083	9606.ENSP00000329357	9606.ENSP00000269305	0	0	0	0	0	0.999	0.900	0	0.999
HSP90AA1	NR3C1	1851814	1843294	9606.ENSP00000335153	9606.ENSP00000231509	0	0	0	0	0	0.999	0.900	0	0.999
SMAD3	EP300	1851536	1845316	9606.ENSP00000332973	9606.ENSP00000263253	0	0	0	0	0	0.998	0.900	0	0.999
UBC	CCND1	1852861	1843117	9606.ENSP00000344818	9606.ENSP00000227507	0	0	0	0	0	0.999	0.900	0	0.999
HSP90AA1	STUB1	1851814	1842759	9606.ENSP00000335153	9606.ENSP00000219548	0	0	0	0	0	0.999	0.900	0	0.999
EP300	ESR1	1845316	1842435	9606.ENSP00000263253	9606.ENSP00000206249	0	0	0	0	0	0.999	0.900	0	0.999
TGFBR2	TGFB1	1853779	1842869	9606.ENSP00000351905	9606.ENSP00000221930	0	0	0	0	0	0.999	0.900	0	0.999
UBC	CDC25A	1852861	1848560	9606.ENSP00000344818	9606.ENSP00000303706	0	0	0	0	0	0.994	0.900	0	0.999
UBC	PML	1852861	1845989	9606.ENSP00000344818	9606.ENSP00000268058	0	0	0	0	0	0.999	0	0	0.999
AR	CTNNB1	1856164	1852818	9606.ENSP00000363822	9606.ENSP00000344456	0	0	0	0	0	0.999	0.900	0	0.999
CDKN2A	TP53	1859838	1846083	9606.ENSP00000394932	9606.ENSP00000269305	0	0	0	0	0	0.997	0.900	0	0.999
HSP90AA1	TP53	1851814	1846083	9606.ENSP00000335153	9606.ENSP00000269305	0	0	0	0	0	0.997	0.900	0	0.999
UBA52	UBC	1859324	1852861	9606.ENSP00000388107	9606.ENSP00000344818	0	0	0	0.962	0	0.995	0.900	0	0.999
EP300	MYOD1	1845316	1843984	9606.ENSP00000263253	9606.ENSP00000250003	0	0	0	0	0	0.996	0.900	0	0.999
TGFBR1	SMAD2	1856216	1845079	9606.ENSP00000364133	9606.ENSP00000262160	0	0	0	0	0	0.996	0.900	0	0.999
CDK6	CCND1	1845799	1843117	9606.ENSP00000265734	9606.ENSP00000227507	0	0	0	0	0	0.999	0.900	0	0.999
SUZ12	EED	1849881	1845338	9606.ENSP00000316578	9606.ENSP00000263360	0	0	0	0	0	0.999	0.900	0	0.999
TGFBR1	SMAD7	1856216	1845078	9606.ENSP00000364133	9606.ENSP00000262158	0	0	0	0	0	0.999	0.900	0	0.999
HIF1A	EP300	1852062	1845316	9606.ENSP00000338018	9606.ENSP00000263253	0	0	0	0	0	0.999	0.900	0	0.999
CDK2	CDKN1A	1845906	1843736	9606.ENSP00000266970	9606.ENSP00000244741	0	0	0	0	0	0.999	0.900	0	0.999
SP1	ESR1	1851138	1842435	9606.ENSP00000329357	9606.ENSP00000206249	0	0	0	0	0	0.999	0.800	0	0.999
UBC	WWP1	1852861	1845749	9606.ENSP00000344818	9606.ENSP00000265428	0	0	0	0	0	0.993	0.900	0	0.999
UBC	SMAD4	1852861	1852473	9606.ENSP00000344818	9606.ENSP00000341551	0	0	0	0	0	0.999	0.900	0	0.999
SKI	SMAD2	1856887	1845079	9606.ENSP00000367797	9606.ENSP00000262160	0	0	0	0	0	0.999	0.900	0	0.999
UBC	SMAD7	1852861	1845078	9606.ENSP00000344818	9606.ENSP00000262158	0	0	0	0	0	0.999	0.900	0	0.999
SMURF1	UBC	1854172	1852861	9606.ENSP00000354621	9606.ENSP00000344818	0	0	0	0	0	0.997	0.900	0	0.999
UBE2D1	UBC	1856011	1852861	9606.ENSP00000363019	9606.ENSP00000344818	0	0	0	0	0	0.999	0.900	0	0.999
E2F4	RBL1	1857021	1855962	9606.ENSP00000368686	9606.ENSP00000362768	0	0	0	0	0	0.999	0.900	0	0.999
TGFBR1	UBC	1856216	1852861	9606.ENSP00000364133	9606.ENSP00000344818	0	0	0	0	0	0.999	0.900	0	0.999
TP53	KAT2B	1846083	1845408	9606.ENSP00000269305	9606.ENSP00000263754	0	0	0	0	0	0.999	0.900	0	0.999
SMURF1	SMAD7	1854172	1845078	9606.ENSP00000354621	9606.ENSP00000262158	0	0	0	0	0	0.999	0.900	0	0.999
MDM2	TP53	1861282	1846083	9606.ENSP00000417281	9606.ENSP00000269305	0	0	0	0	0	0.999	0.900	0	0.999
CDK4	CDKN1B	1844551	1843169	9606.ENSP00000257904	9606.ENSP00000228872	0	0	0	0	0	0.999	0.900	0	0.999
CDK4	CCND1	1844551	1843117	9606.ENSP00000257904	9606.ENSP00000227507	0	0	0	0	0	0.999	0.900	0	0.999
CREBBP	ESR1	1845124	1842435	9606.ENSP00000262367	9606.ENSP00000206249	0	0	0	0	0	0.998	0.900	0	0.999
UBC	SMAD2	1852861	1845079	9606.ENSP00000344818	9606.ENSP00000262160	0	0	0	0	0	0.999	0.900	0	0.999
JUN	FOS	1855436	1848822	9606.ENSP00000360266	9606.ENSP00000306245	0	0	0	0	0	0.999	0.900	0	0.999
HDAC1	SIN3A	1855935	1854005	9606.ENSP00000362649	9606.ENSP00000353622	0	0	0	0	0	0.999	0.900	0	0.999
CDKN1B	CCND1	1843169	1843117	9606.ENSP00000228872	9606.ENSP00000227507	0	0	0	0	0	0.999	0.900	0	0.999
TP53	CREBBP	1846083	1845124	9606.ENSP00000269305	9606.ENSP00000262367	0	0	0	0	0	0.999	0.900	0	0.999
KAT2B	CREBBP	1845408	1845124	9606.ENSP00000263754	9606.ENSP00000262367	0	0	0	0	0	0.991	0.900	0	0.999
UBC	HSP90AA1	1852861	1851814	9606.ENSP00000344818	9606.ENSP00000335153	0	0	0	0	0	0.999	0.900	0	0.999
JUN	ATF3	1855436	1852803	9606.ENSP00000360266	9606.ENSP00000344352	0	0	0	0	0	0.996	0.900	0	0.999
SKI	SMAD3	1856887	1851536	9606.ENSP00000367797	9606.ENSP00000332973	0	0	0	0	0	0.999	0.900	0	0.999
CCND2	CDKN1A	1844875	1843736	9606.ENSP00000261254	9606.ENSP00000244741	0	0	0	0	0	0.998	0.900	0	0.999
UBC	STUB1	1852861	1842759	9606.ENSP00000344818	9606.ENSP00000219548	0	0	0	0	0	0.999	0.900	0	0.999
CTNNB1	CREBBP	1852818	1845124	9606.ENSP00000344456	9606.ENSP00000262367	0	0	0	0	0	0.996	0.900	0	0.999
PSMD4	UBC	1854905	1852861	9606.ENSP00000357879	9606.ENSP00000344818	0	0	0	0	0	0.999	0.900	0	0.999
SMAD3	SKIL	1851536	1844666	9606.ENSP00000332973	9606.ENSP00000259119	0	0	0	0	0	0.997	0.900	0	0.999
UBC	HGS	1852861	1851318	9606.ENSP00000344818	9606.ENSP00000331201	0	0	0	0	0	0.999	0.900	0	0.999
CDKN1A	CCND1	1843736	1843117	9606.ENSP00000244741	9606.ENSP00000227507	0	0	0	0	0	0.999	0.900	0	0.999
MYC	ZBTB17	1856789	1856370	9606.ENSP00000367207	9606.ENSP00000364895	0	0	0	0	0	0.996	0.900	0	0.999
UBC	CDKN1A	1852861	1843736	9606.ENSP00000344818	9606.ENSP00000244741	0	0	0	0	0	0.999	0.900	0	0.999
CDKN2C	CDK4	1845196	1844551	9606.ENSP00000262662	9606.ENSP00000257904	0	0	0	0	0	0.992	0.900	0	0.999
UBC	TP53	1852861	1846083	9606.ENSP00000344818	9606.ENSP00000269305	0	0	0	0	0	0.999	0.900	0	0.999
CDK6	CDKN1B	1845799	1843169	9606.ENSP00000265734	9606.ENSP00000228872	0	0	0	0	0	0.992	0.900	0	0.999
UBC	AXIN1	1852861	1845118	9606.ENSP00000344818	9606.ENSP00000262320	0	0	0	0	0	0.996	0.900	0	0.999
UBC	HIF1A	1852861	1852062	9606.ENSP00000344818	9606.ENSP00000338018	0	0	0	0	0	0.999	0.900	0	0.999
UBC	CDKN1B	1852861	1843169	9606.ENSP00000344818	9606.ENSP00000228872	0	0	0	0	0	0.999	0.900	0	0.999
TGFBR1	TGFBR2	1856216	1853779	9606.ENSP00000364133	9606.ENSP00000351905	0	0	0	0.808	0	0.999	0.900	0	0.999
RBL1	CDK2	1855962	1845906	9606.ENSP00000362768	9606.ENSP00000266970	0	0	0	0	0	0.990	0.900	0	0.999
TP53	PML	1846083	1845989	9606.ENSP00000269305	9606.ENSP00000268058	0	0	0	0	0	0.999	0.900	0	0.999
UBC	RPS27A	1852861	1846244	9606.ENSP00000344818	9606.ENSP00000272317	0	0	0	0.943	0	0.999	0.900	0	0.999
CDKN2A	CDK4	1859838	1844551	9606.ENSP00000394932	9606.ENSP00000257904	0	0	0	0	0	0.999	0.900	0	0.999
AR	HSP90AA1	1856164	1851814	9606.ENSP00000363822	9606.ENSP00000335153	0	0	0	0	0	0.996	0.900	0	0.999
SMAD3	SMAD2	1851536	1845079	9606.ENSP00000332973	9606.ENSP00000262160	0	0	0	0.987	0	0.991	0.900	0	0.999
SMAD3	CREBBP	1851536	1845124	9606.ENSP00000332973	9606.ENSP00000262367	0	0	0	0	0	0.996	0.900	0	0.999
MDM2	UBC	1861282	1852861	9606.ENSP00000417281	9606.ENSP00000344818	0	0	0	0	0	0.999	0.900	0	0.999
TGFBR1	TGFB3	1856216	1843496	9606.ENSP00000364133	9606.ENSP00000238682	0	0	0	0	0	0.992	0.900	0	0.999
UBC	CTNNB1	1852861	1852818	9606.ENSP00000344818	9606.ENSP00000344456	0	0	0	0	0	0.999	0	0	0.999
MDM2	CDKN2A	1861282	1859838	9606.ENSP00000417281	9606.ENSP00000394932	0	0	0	0	0	0.999	0.900	0	0.999
SMAD4	SP1	1852473	1851138	9606.ENSP00000341551	9606.ENSP00000329357	0	0	0	0	0	0.992	0.900	0	0.999
KPNB1	NUP153	1847208	1845057	9606.ENSP00000290158	9606.ENSP00000262077	0	0	0	0	0	0.998	0.900	0	0.999
MDM2	UBE2D1	1861282	1856011	9606.ENSP00000417281	9606.ENSP00000363019	0	0	0	0	0	0.999	0.900	0	0.999
HDAC1	EP300	1855935	1845316	9606.ENSP00000362649	9606.ENSP00000263253	0	0	0	0	0	0.990	0.900	0	0.999
MYC	MAX	1856789	1853721	9606.ENSP00000367207	9606.ENSP00000351490	0	0	0	0.720	0	0.999	0.900	0	0.999
HDAC1	ESR1	1855935	1842435	9606.ENSP00000362649	9606.ENSP00000206249	0	0	0	0	0	0.998	0.900	0	0.999
SMAD3	SP1	1851536	1851138	9606.ENSP00000332973	9606.ENSP00000329357	0	0	0	0	0	0.992	0.900	0	0.999
CCND2	CDK4	1844875	1844551	9606.ENSP00000261254	9606.ENSP00000257904	0	0	0	0	0	0.994	0.900	0	0.999
HIF1A	HSP90AA1	1852062	1851814	9606.ENSP00000338018	9606.ENSP00000335153	0	0	0	0	0	0.999	0.900	0	0.999
TGFBR1	TGFB1	1856216	1842869	9606.ENSP00000364133	9606.ENSP00000221930	0	0	0	0	0	0.996	0.900	0	0.999
NEDD4L	UBC	1858810	1852861	9606.ENSP00000383199	9606.ENSP00000344818	0	0	0	0	0	0.997	0.900	0	0.999
JUN	EP300	1855436	1845316	9606.ENSP00000360266	9606.ENSP00000263253	0	0	0	0	0	0.996	0.900	0	0.999
UBC	SMAD3	1852861	1851536	9606.ENSP00000344818	9606.ENSP00000332973	0	0	0	0	0	0.999	0.900	0	0.999
ZFYVE9	SMAD2	1847085	1845079	9606.ENSP00000287727	9606.ENSP00000262160	0	0	0	0	0	0.999	0.900	0	0.999
HDAC1	SP1	1855935	1851138	9606.ENSP00000362649	9606.ENSP00000329357	0	0	0	0	0	0.999	0.900	0	0.999
EZH2	EED	1850211	1845338	9606.ENSP00000320147	9606.ENSP00000263360	0	0	0	0	0	0.999	0.900	0	0.999
HIF1A	CREBBP	1852062	1845124	9606.ENSP00000338018	9606.ENSP00000262367	0	0	0	0	0	0.998	0.900	0	0.999
TNRC6A	EIF2C1	1858333	1855852	9606.ENSP00000379144	9606.ENSP00000362300	0	0	0	0	0	0.993	0.900	0	0.999
SKI	SMAD4	1856887	1852473	9606.ENSP00000367797	9606.ENSP00000341551	0	0	0	0	0	0.999	0.900	0	0.999
HSP90AA1	ESR1	1851814	1842435	9606.ENSP00000335153	9606.ENSP00000206249	0	0	0	0	0	0.999	0	0	0.999
CDK6	CDKN2C	1845799	1845196	9606.ENSP00000265734	9606.ENSP00000262662	0	0	0	0	0	0.999	0.900	0	0.999
ATF2	MAPK14	1845482	1843222	9606.ENSP00000264110	9606.ENSP00000229794	0	0	0	0	0	0.999	0.900	0	0.999
JUN	ATF2	1855436	1845482	9606.ENSP00000360266	9606.ENSP00000264110	0	0	0	0.632	0	0.999	0.900	0	0.999
UBE2D1	STUB1	1856011	1842759	9606.ENSP00000363019	9606.ENSP00000219548	0	0	0	0	0	0.999	0	0	0.999
FOXH1	SMAD2	1856663	1845079	9606.ENSP00000366534	9606.ENSP00000262160	0	0	0	0	0	0.999	0.900	0	0.999
CDK2	CDKN1B	1845906	1843169	9606.ENSP00000266970	9606.ENSP00000228872	0	0	0	0	0	0.999	0.900	0	0.999
CREBBP	SMAD2	1845124	1845079	9606.ENSP00000262367	9606.ENSP00000262160	0	0	0	0	0	0.984	0.900	0	0.998
CDC25A	CDK2	1848560	1845906	9606.ENSP00000303706	9606.ENSP00000266970	0	0	0	0	0	0.983	0.900	0	0.998
MDM2	EP300	1861282	1845316	9606.ENSP00000417281	9606.ENSP00000263253	0	0	0	0	0	0.982	0.900	0	0.998
AR	UBC	1856164	1852861	9606.ENSP00000363822	9606.ENSP00000344818	0	0	0	0	0	0.999	0	0	0.998
JUN	SMAD3	1855436	1851536	9606.ENSP00000360266	9606.ENSP00000332973	0	0	0	0	0	0.983	0.900	0	0.998
UBC	IRF7	1852861	1851145	9606.ENSP00000344818	9606.ENSP00000329411	0	0	0	0	0	0.999	0	0	0.998
ATF2	CREBBP	1845482	1845124	9606.ENSP00000264110	9606.ENSP00000262367	0	0	0	0	0	0.982	0.900	0	0.998
UBC	ESR1	1852861	1842435	9606.ENSP00000344818	9606.ENSP00000206249	0	0	0	0	0	0.999	0	0	0.998
KAT2B	EP300	1845408	1845316	9606.ENSP00000263754	9606.ENSP00000263253	0	0	0	0	0	0.984	0.900	0	0.998
TP53	CDK2	1846083	1845906	9606.ENSP00000269305	9606.ENSP00000266970	0	0	0	0	0	0.982	0.900	0	0.998
SKI	SIN3A	1856887	1854005	9606.ENSP00000367797	9606.ENSP00000353622	0	0	0	0	0	0.982	0.900	0	0.998
CDKN2A	NPM1	1859838	1847808	9606.ENSP00000394932	9606.ENSP00000296930	0	0	0	0	0	0.999	0	0	0.998
TRIM33	SMAD2	1853689	1845079	9606.ENSP00000351250	9606.ENSP00000262160	0	0	0	0	0	0.988	0.900	0	0.998
RPS27A	TP53	1846244	1846083	9606.ENSP00000272317	9606.ENSP00000269305	0	0	0	0	0	0.987	0.900	0	0.998
MDM2	PML	1861282	1845989	9606.ENSP00000417281	9606.ENSP00000268058	0	0	0	0	0	0.998	0	0	0.998
RBL1	E2F1	1855962	1852951	9606.ENSP00000362768	9606.ENSP00000345571	0	0	0	0	0	0.989	0.900	0	0.998
E2F1	UBC	1852951	1852861	9606.ENSP00000345571	9606.ENSP00000344818	0	0	0	0	0	0.999	0	0	0.998
FOS	JUNB	1848822	1848518	9606.ENSP00000306245	9606.ENSP00000303315	0	0	0	0	0	0.989	0.900	0	0.998
E2F1	SP1	1852951	1851138	9606.ENSP00000345571	9606.ENSP00000329357	0	0	0	0	0	0.982	0.900	0	0.998
CDKN2B	CDK4	1846519	1844551	9606.ENSP00000276925	9606.ENSP00000257904	0	0	0	0	0	0.988	0.900	0	0.998
MAPK11	ATF2	1851615	1845482	9606.ENSP00000333685	9606.ENSP00000264110	0	0	0	0	0	0.987	0.900	0	0.998
MYC	UBC	1856789	1852861	9606.ENSP00000367207	9606.ENSP00000344818	0	0	0	0	0	0.999	0	0	0.998
KAT2B	MYOD1	1845408	1843984	9606.ENSP00000263754	9606.ENSP00000250003	0	0	0	0	0	0.982	0.900	0	0.998
SMAD4	EP300	1852473	1845316	9606.ENSP00000341551	9606.ENSP00000263253	0	0	0	0	0	0.982	0.900	0	0.998
TP53	STUB1	1846083	1842759	9606.ENSP00000269305	9606.ENSP00000219548	0	0	0	0	0	0.999	0	0	0.998
AR	CREBBP	1856164	1845124	9606.ENSP00000363822	9606.ENSP00000262367	0	0	0	0	0	0.982	0.900	0	0.998
MYC	EP300	1856789	1845316	9606.ENSP00000367207	9606.ENSP00000263253	0	0	0	0	0	0.983	0.900	0	0.998
HDAC1	TP53	1855935	1846083	9606.ENSP00000362649	9606.ENSP00000269305	0	0	0	0	0	0.999	0	0	0.998
TRIM33	SMAD3	1853689	1851536	9606.ENSP00000351250	9606.ENSP00000332973	0	0	0	0	0	0.983	0.900	0	0.998
CDKN2A	UBC	1859838	1852861	9606.ENSP00000394932	9606.ENSP00000344818	0	0	0	0	0	0.998	0	0	0.998
UBC	NPM1	1852861	1847808	9606.ENSP00000344818	9606.ENSP00000296930	0	0	0	0	0	0.999	0	0	0.998
TP53	MAPK1	1846083	1842512	9606.ENSP00000269305	9606.ENSP00000215832	0	0	0	0	0	0.988	0.800	0	0.997
TNRC6B	EIF2C1	1860314	1855852	9606.ENSP00000401946	9606.ENSP00000362300	0	0	0	0	0	0.979	0.900	0	0.997
UBC	TRIP12	1852861	1846877	9606.ENSP00000344818	9606.ENSP00000283943	0	0	0	0	0	0.997	0	0	0.997
TP53	PIN1	1846083	1843886	9606.ENSP00000269305	9606.ENSP00000247970	0	0	0	0	0	0.980	0.900	0	0.997
SKI	SKIL	1856887	1844666	9606.ENSP00000367797	9606.ENSP00000259119	0	0	0	0.860	0	0.962	0.900	0	0.996
CDKN2A	MYC	1859838	1856789	9606.ENSP00000394932	9606.ENSP00000367207	0	0	0	0	0	0.962	0.900	0	0.996
PML	CREBBP	1845989	1845124	9606.ENSP00000268058	9606.ENSP00000262367	0	0	0	0	0	0.962	0.900	0	0.996
AR	EP300	1856164	1845316	9606.ENSP00000363822	9606.ENSP00000263253	0	0	0	0	0	0.968	0.900	0	0.996
SMAD3	RNF111	1851536	1847116	9606.ENSP00000332973	9606.ENSP00000288199	0	0	0	0	0	0.962	0.900	0	0.996
EP300	SMAD2	1845316	1845079	9606.ENSP00000263253	9606.ENSP00000262160	0	0	0	0	0	0.965	0.900	0	0.996
MYC	SP1	1856789	1851138	9606.ENSP00000367207	9606.ENSP00000329357	0	0	0	0	0	0.962	0.900	0	0.996
MDM2	CDKN1A	1861282	1843736	9606.ENSP00000417281	9606.ENSP00000244741	0	0	0	0	0	0.997	0	0	0.996
HIF1A	SP1	1852062	1851138	9606.ENSP00000338018	9606.ENSP00000329357	0	0	0	0	0	0.962	0.900	0	0.996
TNRC6B	EIF2C3	1860314	1855848	9606.ENSP00000401946	9606.ENSP00000362287	0	0	0	0	0	0.966	0.900	0	0.996
EIF2C1	TNRC6C	1855852	1851926	9606.ENSP00000362300	9606.ENSP00000336783	0	0	0	0	0	0.970	0.900	0	0.996
MAPK14	MAPK1	1843222	1842512	9606.ENSP00000229794	9606.ENSP00000215832	0	0	0	0.939	0	0.982	0.800	0	0.996
CREBBP	MYOD1	1845124	1843984	9606.ENSP00000262367	9606.ENSP00000250003	0	0	0	0	0	0.963	0.900	0	0.996
UBC	KPNB1	1852861	1847208	9606.ENSP00000344818	9606.ENSP00000290158	0	0	0	0	0	0.996	0	0	0.996
UBC	SNAI1	1852861	1843697	9606.ENSP00000344818	9606.ENSP00000244050	0	0	0	0	0	0.996	0	0	0.996
HIF1A	TP53	1852062	1846083	9606.ENSP00000338018	9606.ENSP00000269305	0	0	0	0	0	0.963	0.900	0	0.996
RNF2	UBC	1854609	1852861	9606.ENSP00000356480	9606.ENSP00000344818	0	0	0	0	0	0.997	0	0	0.996
UBC	CDK2	1852861	1845906	9606.ENSP00000344818	9606.ENSP00000266970	0	0	0	0	0	0.966	0.900	0	0.996
CDK6	CCND2	1845799	1844875	9606.ENSP00000265734	9606.ENSP00000261254	0	0	0	0	0	0.966	0.900	0	0.996
TNRC6A	EIF2C3	1858333	1855848	9606.ENSP00000379144	9606.ENSP00000362287	0	0	0	0	0	0.968	0.900	0	0.996
EIF2C3	TNRC6C	1855848	1851926	9606.ENSP00000362287	9606.ENSP00000336783	0	0	0	0	0	0.970	0.900	0	0.996
CTNNB1	EP300	1852818	1845316	9606.ENSP00000344456	9606.ENSP00000263253	0	0	0	0	0	0.961	0.900	0	0.995
RAN	UBC	1857999	1852861	9606.ENSP00000376176	9606.ENSP00000344818	0	0	0	0	0	0.995	0	0	0.995
CDK2	CCND1	1845906	1843117	9606.ENSP00000266970	9606.ENSP00000227507	0	0	0	0	0	0.985	0.720	0	0.995
UBA52	PSMD4	1859324	1854905	9606.ENSP00000388107	9606.ENSP00000357879	0	0	0	0	0	0.960	0.900	0	0.995
HDAC1	SNAI1	1855935	1843697	9606.ENSP00000362649	9606.ENSP00000244050	0	0	0	0	0	0.961	0.900	0	0.995
HDAC1	CTNNB1	1855935	1852818	9606.ENSP00000362649	9606.ENSP00000344456	0	0	0	0	0	0.961	0.900	0	0.995
PSMD4	RPS27A	1854905	1846244	9606.ENSP00000357879	9606.ENSP00000272317	0	0	0	0	0	0.955	0.900	0	0.995
MDM2	CREBBP	1861282	1845124	9606.ENSP00000417281	9606.ENSP00000262367	0	0	0	0	0	0.960	0.900	0	0.995
HDAC1	EZH2	1855935	1850211	9606.ENSP00000362649	9606.ENSP00000320147	0	0	0	0	0	0.958	0.900	0	0.995
CEBPB	ESR1	1848728	1842435	9606.ENSP00000305422	9606.ENSP00000206249	0	0	0	0	0	0.961	0.900	0	0.995
HDAC1	TGIF1	1855935	1850975	9606.ENSP00000362649	9606.ENSP00000327959	0	0	0	0	0	0.960	0.900	0	0.995
UBC	NR3C1	1852861	1843294	9606.ENSP00000344818	9606.ENSP00000231509	0	0	0	0	0	0.995	0	0	0.994
ETS1	MAPK1	1858032	1842512	9606.ENSP00000376436	9606.ENSP00000215832	0	0	0	0	0	0.944	0.900	0	0.994
UBC	SP1	1852861	1851138	9606.ENSP00000344818	9606.ENSP00000329357	0	0	0	0	0	0.994	0	0	0.994
JUN	MAPK1	1855436	1842512	9606.ENSP00000360266	9606.ENSP00000215832	0	0	0	0	0	0.934	0.900	0	0.993
SKI	UBC	1856887	1852861	9606.ENSP00000367797	9606.ENSP00000344818	0	0	0	0	0	0.936	0.900	0	0.993
SMAD4	SKIL	1852473	1844666	9606.ENSP00000341551	9606.ENSP00000259119	0	0	0	0	0	0.933	0.900	0	0.993
UBE2D1	TRIP12	1856011	1846877	9606.ENSP00000363019	9606.ENSP00000283943	0	0	0	0	0	0.992	0	0	0.992
MDM2	RPS27A	1861282	1846244	9606.ENSP00000417281	9606.ENSP00000272317	0	0	0	0	0	0.930	0.900	0	0.992
UBC	RUNX3	1852861	1852701	9606.ENSP00000344818	9606.ENSP00000343477	0	0	0	0	0	0.993	0	0	0.992
TGFBR1	SMAD3	1856216	1851536	9606.ENSP00000364133	9606.ENSP00000332973	0	0	0	0	0	0.931	0.900	0	0.992
CTNNB1	MEN1	1852818	1851960	9606.ENSP00000344456	9606.ENSP00000337088	0	0	0	0	0	0.915	0.900	0	0.991
CDK2	CDK6	1845906	1845799	9606.ENSP00000266970	9606.ENSP00000265734	0	0	0	0.938	0	0.919	0.900	0	0.991
WWP1	SMAD7	1845749	1845078	9606.ENSP00000265428	9606.ENSP00000262158	0	0	0	0	0	0.914	0.900	0	0.991
JUN	SP1	1855436	1851138	9606.ENSP00000360266	9606.ENSP00000329357	0	0	0	0	0	0.922	0.900	0	0.991
FOXO3	SMAD3	1852227	1851536	9606.ENSP00000339527	9606.ENSP00000332973	0	0	0	0	0	0.915	0.900	0	0.991
MAX	EP300	1853721	1845316	9606.ENSP00000351490	9606.ENSP00000263253	0	0	0	0	0	0.915	0.900	0	0.991
SMAD4	SMAD7	1852473	1845078	9606.ENSP00000341551	9606.ENSP00000262158	0	0	0	0.653	0	0.914	0.900	0	0.991
NEDD4L	SMAD3	1858810	1851536	9606.ENSP00000383199	9606.ENSP00000332973	0	0	0	0	0	0.917	0.900	0	0.991
NEDD4L	RPS27A	1858810	1846244	9606.ENSP00000383199	9606.ENSP00000272317	0	0	0	0	0	0.915	0.900	0	0.991
TGFBR1	SMURF1	1856216	1854172	9606.ENSP00000364133	9606.ENSP00000354621	0	0	0	0	0	0.921	0.900	0	0.991
SIN3A	TP53	1854005	1846083	9606.ENSP00000353622	9606.ENSP00000269305	0	0	0	0	0	0.918	0.900	0	0.991
EP300	CDKN1A	1845316	1843736	9606.ENSP00000263253	9606.ENSP00000244741	0	0	0	0	0	0.914	0.900	0	0.991
CCND1	ESR1	1843117	1842435	9606.ENSP00000227507	9606.ENSP00000206249	0	0	0	0	0	0.917	0.900	0	0.991
RUNX2	SMAD3	1855482	1851536	9606.ENSP00000360493	9606.ENSP00000332973	0	0	0	0	0	0.916	0.900	0	0.991
FOXO1	CREBBP	1857055	1845124	9606.ENSP00000368880	9606.ENSP00000262367	0	0	0	0	0	0.914	0.900	0	0.991
VDR	CREBBP	1862386	1845124	9606.ENSP00000447173	9606.ENSP00000262367	0	0	0	0	0	0.914	0.900	0	0.991
MYC	MAPK1	1856789	1842512	9606.ENSP00000367207	9606.ENSP00000215832	0	0	0	0	0	0.915	0.900	0	0.991
MDM2	KAT2B	1861282	1845408	9606.ENSP00000417281	9606.ENSP00000263754	0	0	0	0	0	0.915	0.900	0	0.991
E2F1	KAT2B	1852951	1845408	9606.ENSP00000345571	9606.ENSP00000263754	0	0	0	0	0	0.915	0.900	0	0.991
ZBTB17	EP300	1856370	1845316	9606.ENSP00000364895	9606.ENSP00000263253	0	0	0	0	0	0.920	0.900	0	0.991
MDM2	HIF1A	1861282	1852062	9606.ENSP00000417281	9606.ENSP00000338018	0	0	0	0	0	0.917	0.900	0	0.991
AR	SMAD3	1856164	1851536	9606.ENSP00000363822	9606.ENSP00000332973	0	0	0	0	0	0.917	0.900	0	0.991
JUNB	EP300	1848518	1845316	9606.ENSP00000303315	9606.ENSP00000263253	0	0	0	0	0	0.922	0.900	0	0.991
MAPK1	ESR1	1842512	1842435	9606.ENSP00000215832	9606.ENSP00000206249	0	0	0	0	0	0.919	0.900	0	0.991
SMAD3	KAT2B	1851536	1845408	9606.ENSP00000332973	9606.ENSP00000263754	0	0	0	0	0	0.916	0.900	0	0.991
EP300	CREBBP	1845316	1845124	9606.ENSP00000263253	9606.ENSP00000262367	0	0	0	0.954	0	0.922	0.900	0	0.991
HDAC1	E2F1	1855935	1852951	9606.ENSP00000362649	9606.ENSP00000345571	0	0	0	0	0	0.915	0.900	0	0.991
STRAP	TGFBR1	1859630	1856216	9606.ENSP00000392270	9606.ENSP00000364133	0	0	0	0	0	0.914	0.900	0	0.991
CDKN1A	CDKN1B	1843736	1843169	9606.ENSP00000244741	9606.ENSP00000228872	0	0	0	0.764	0	0.920	0.900	0	0.991
SP1	SMAD2	1851138	1845079	9606.ENSP00000329357	9606.ENSP00000262160	0	0	0	0	0	0.913	0.900	0	0.990
HDAC1	SMAD2	1855935	1845079	9606.ENSP00000362649	9606.ENSP00000262160	0	0	0	0	0	0.912	0.900	0	0.990
SMAD4	PIAS4	1852473	1845259	9606.ENSP00000341551	9606.ENSP00000262971	0	0	0	0	0	0.913	0.900	0	0.990
TGIF1	SMAD2	1850975	1845079	9606.ENSP00000327959	9606.ENSP00000262160	0	0	0	0	0	0.912	0.900	0	0.990
SMAD4	CEBPB	1852473	1848728	9606.ENSP00000341551	9606.ENSP00000305422	0	0	0	0	0	0.912	0.900	0	0.990
TP53	MAPK14	1846083	1843222	9606.ENSP00000269305	9606.ENSP00000229794	0	0	0	0	0	0.912	0.900	0	0.990
ZFYVE9	PML	1847085	1845989	9606.ENSP00000287727	9606.ENSP00000268058	0	0	0	0	0	0.912	0.900	0	0.990
HDAC1	EED	1855935	1845338	9606.ENSP00000362649	9606.ENSP00000263360	0	0	0	0	0	0.910	0.900	0	0.990
UBE2D1	RPS27A	1856011	1846244	9606.ENSP00000363019	9606.ENSP00000272317	0	0	0	0	0	0.913	0.900	0	0.990
CREBBP	NR3C1	1845124	1843294	9606.ENSP00000262367	9606.ENSP00000231509	0	0	0	0	0	0.912	0.900	0	0.990
FOXO4	CREBBP	1856074	1845124	9606.ENSP00000363377	9606.ENSP00000262367	0	0	0	0	0	0.911	0.900	0	0.990
TNRC6A	EIF2C4	1858333	1855854	9606.ENSP00000379144	9606.ENSP00000362306	0	0	0	0	0	0.905	0.900	0	0.990
E2F4	HDAC1	1857021	1855935	9606.ENSP00000368686	9606.ENSP00000362649	0	0	0	0	0	0.911	0.900	0	0.990
MDM2	AR	1861282	1856164	9606.ENSP00000417281	9606.ENSP00000363822	0	0	0	0	0	0.991	0	0	0.990
UBC	CEBPB	1852861	1848728	9606.ENSP00000344818	9606.ENSP00000305422	0	0	0	0	0	0.898	0.900	0	0.989
RBL1	CDK4	1855962	1844551	9606.ENSP00000362768	9606.ENSP00000257904	0	0	0	0	0	0.898	0.900	0	0.989
CBX6	RNF2	1858948	1854609	9606.ENSP00000384490	9606.ENSP00000356480	0	0	0	0	0	0.891	0.900	0	0.988
TGFBR1	SMAD4	1856216	1852473	9606.ENSP00000364133	9606.ENSP00000341551	0	0	0	0	0	0.886	0.900	0	0.988
RBL1	HDAC1	1855962	1855935	9606.ENSP00000362768	9606.ENSP00000362649	0	0	0	0	0	0.893	0.900	0	0.988
E2F5	RBL1	1860048	1855962	9606.ENSP00000398124	9606.ENSP00000362768	0	0	0	0	0	0.888	0.900	0	0.988
UBC	SKIL	1852861	1844666	9606.ENSP00000344818	9606.ENSP00000259119	0	0	0	0	0	0.889	0.900	0	0.988
UBC	RNF111	1852861	1847116	9606.ENSP00000344818	9606.ENSP00000288199	0	0	0	0	0	0.879	0.900	0	0.987
AR	CDK6	1856164	1845799	9606.ENSP00000363822	9606.ENSP00000265734	0	0	0	0	0	0.879	0.900	0	0.987
EIF2C4	TNRC6C	1855854	1851926	9606.ENSP00000362306	9606.ENSP00000336783	0	0	0	0	0	0.877	0.900	0	0.987
TP53	SMAD2	1846083	1845079	9606.ENSP00000269305	9606.ENSP00000262160	0	0	0	0	0	0.987	0	0	0.986
SMURF1	SMAD4	1854172	1852473	9606.ENSP00000354621	9606.ENSP00000341551	0	0	0	0	0	0.870	0.900	0	0.986
CDK2	CCND2	1845906	1844875	9606.ENSP00000266970	9606.ENSP00000261254	0	0	0	0	0	0.871	0.900	0	0.986
HDAC1	HIF1A	1855935	1852062	9606.ENSP00000362649	9606.ENSP00000338018	0	0	0	0	0	0.986	0	0	0.986
UBA52	HGS	1859324	1851318	9606.ENSP00000388107	9606.ENSP00000331201	0	0	0	0	0	0.875	0.900	0	0.986
RPS27A	SKIL	1846244	1844666	9606.ENSP00000272317	9606.ENSP00000259119	0	0	0	0	0	0.875	0.900	0	0.986
FOS	MAPK1	1848822	1842512	9606.ENSP00000306245	9606.ENSP00000215832	0	0	0	0	0	0.859	0.900	0	0.985
SMAD3	CDK2	1851536	1845906	9606.ENSP00000332973	9606.ENSP00000266970	0	0	0	0	0	0.857	0.900	0	0.985
MAX	MAPK14	1853721	1843222	9606.ENSP00000351490	9606.ENSP00000229794	0	0	0	0	0	0.860	0.900	0	0.985
ATF2	MAPK1	1845482	1842512	9606.ENSP00000264110	9606.ENSP00000215832	0	0	0	0	0	0.861	0.900	0	0.985
HDAC1	CREBBP	1855935	1845124	9606.ENSP00000362649	9606.ENSP00000262367	0	0	0	0	0	0.864	0.900	0	0.985
TNRC6B	EIF2C4	1860314	1855854	9606.ENSP00000401946	9606.ENSP00000362306	0	0	0	0	0	0.860	0.900	0	0.985
CDK6	CDKN1A	1845799	1843736	9606.ENSP00000265734	9606.ENSP00000244741	0	0	0	0	0	0.859	0.900	0	0.985
SMAD3	CDK4	1851536	1844551	9606.ENSP00000332973	9606.ENSP00000257904	0	0	0	0	0	0.857	0.900	0	0.985
RUNX2	UBC	1855482	1852861	9606.ENSP00000360493	9606.ENSP00000344818	0	0	0	0	0	0.985	0	0	0.984
MAX	SMAD3	1853721	1851536	9606.ENSP00000351490	9606.ENSP00000332973	0	0	0	0	0	0.856	0.900	0	0.984
SMURF1	SMAD3	1854172	1851536	9606.ENSP00000354621	9606.ENSP00000332973	0	0	0	0	0	0.853	0.900	0	0.984
E2F1	CDK2	1852951	1845906	9606.ENSP00000345571	9606.ENSP00000266970	0	0	0	0	0	0.850	0.900	0	0.984
SMAD2	SMAD7	1845079	1845078	9606.ENSP00000262160	9606.ENSP00000262158	0	0	0	0.685	0	0.848	0.900	0	0.984
HDAC1	SMAD3	1855935	1851536	9606.ENSP00000362649	9606.ENSP00000332973	0	0	0	0	0	0.849	0.900	0	0.984
SMAD3	MAPK1	1851536	1842512	9606.ENSP00000332973	9606.ENSP00000215832	0	0	0	0	0	0.839	0.900	0	0.983
VDR	EP300	1862386	1845316	9606.ENSP00000447173	9606.ENSP00000263253	0	0	0	0	0	0.842	0.900	0	0.983
CDK6	CDK4	1845799	1844551	9606.ENSP00000265734	9606.ENSP00000257904	0	0	0	0.977	0	0.842	0.900	0	0.983
SMAD3	SMAD7	1851536	1845078	9606.ENSP00000332973	9606.ENSP00000262158	0	0	0	0.695	0	0.845	0.900	0	0.983
ABL1	CTNNB1	1855665	1852818	9606.ENSP00000361423	9606.ENSP00000344456	0	0	0	0	0	0.846	0.900	0	0.983
HDAC1	RUNX1	1855935	1848173	9606.ENSP00000362649	9606.ENSP00000300305	0	0	0	0	0	0.922	0.800	0	0.983
MYC	JUN	1856789	1855436	9606.ENSP00000367207	9606.ENSP00000360266	0	0	0	0	0	0.830	0.900	0	0.982
FOXO1	UBC	1857055	1852861	9606.ENSP00000368880	9606.ENSP00000344818	0	0	0	0	0	0.983	0	0	0.982
HNF4A	CREBBP	1849587	1845124	9606.ENSP00000312987	9606.ENSP00000262367	0	0	0	0	0	0.983	0	0	0.982
MYC	PIN1	1856789	1843886	9606.ENSP00000367207	9606.ENSP00000247970	0	0	0	0	0	0.833	0.900	0	0.982
SP1	MAPK1	1851138	1842512	9606.ENSP00000329357	9606.ENSP00000215832	0	0	0	0	0	0.833	0.900	0	0.982
FOXO4	CTNNB1	1856074	1852818	9606.ENSP00000363377	9606.ENSP00000344456	0	0	0	0	0	0.820	0.900	0	0.981
UBC	TGFB1	1852861	1842869	9606.ENSP00000344818	9606.ENSP00000221930	0	0	0	0	0	0.827	0.900	0	0.981
ETS1	JUN	1858032	1855436	9606.ENSP00000376436	9606.ENSP00000360266	0	0	0	0	0	0.826	0.900	0	0.981
ATF3	TP53	1852803	1846083	9606.ENSP00000344352	9606.ENSP00000269305	0	0	0	0	0	0.818	0.900	0	0.981
TGFBR1	TGFB2	1856216	1854475	9606.ENSP00000364133	9606.ENSP00000355896	0	0	0	0	0	0.826	0.900	0	0.981
SP1	CREBBP	1851138	1845124	9606.ENSP00000329357	9606.ENSP00000262367	0	0	0	0	0	0.824	0.900	0	0.981
UBE2D1	TP53	1856011	1846083	9606.ENSP00000363019	9606.ENSP00000269305	0	0	0	0	0	0.821	0.900	0	0.981
FOXO1	CDKN1A	1857055	1843736	9606.ENSP00000368880	9606.ENSP00000244741	0	0	0	0	0	0.818	0.900	0	0.981
SMURF1	SMAD2	1854172	1845079	9606.ENSP00000354621	9606.ENSP00000262160	0	0	0	0	0	0.823	0.900	0	0.981
RNF111	SMAD7	1847116	1845078	9606.ENSP00000288199	9606.ENSP00000262158	0	0	0	0	0	0.816	0.900	0	0.980
CEBPB	EP300	1848728	1845316	9606.ENSP00000305422	9606.ENSP00000263253	0	0	0	0	0	0.812	0.900	0	0.980
CTNNB1	CCND1	1852818	1843117	9606.ENSP00000344456	9606.ENSP00000227507	0	0	0	0	0	0.809	0.900	0	0.980
RUNX3	SMAD3	1852701	1851536	9606.ENSP00000343477	9606.ENSP00000332973	0	0	0	0	0	0.810	0.900	0	0.980
SMAD3	RUNX1	1851536	1848173	9606.ENSP00000332973	9606.ENSP00000300305	0	0	0	0	0	0.812	0.900	0	0.980
SIN3A	TGIF1	1854005	1850975	9606.ENSP00000353622	9606.ENSP00000327959	0	0	0	0	0	0.812	0.900	0	0.980
AR	CCND1	1856164	1843117	9606.ENSP00000363822	9606.ENSP00000227507	0	0	0	0	0	0.812	0.900	0	0.980
MDM2	E2F1	1861282	1852951	9606.ENSP00000417281	9606.ENSP00000345571	0	0	0	0	0	0.812	0.900	0	0.980
RNF111	SMAD2	1847116	1845079	9606.ENSP00000288199	9606.ENSP00000262160	0	0	0	0	0	0.811	0.900	0	0.980
AXIN1	SMAD7	1845118	1845078	9606.ENSP00000262320	9606.ENSP00000262158	0	0	0	0	0	0.809	0.900	0	0.980
HIF1A	SMAD3	1852062	1851536	9606.ENSP00000338018	9606.ENSP00000332973	0	0	0	0	0	0.812	0.900	0	0.980
SMAD3	NR3C1	1851536	1843294	9606.ENSP00000332973	9606.ENSP00000231509	0	0	0	0	0	0.812	0.900	0	0.980
KAT2B	SMAD2	1845408	1845079	9606.ENSP00000263754	9606.ENSP00000262160	0	0	0	0	0	0.810	0.900	0	0.980
EP300	CCND1	1845316	1843117	9606.ENSP00000263253	9606.ENSP00000227507	0	0	0	0	0	0.809	0.900	0	0.980
ERBB2IP	UBC	1857307	1852861	9606.ENSP00000370330	9606.ENSP00000344818	0	0	0	0	0	0.808	0.900	0	0.980
CEBPB	MAPK1	1848728	1842512	9606.ENSP00000305422	9606.ENSP00000215832	0	0	0	0	0	0.812	0.900	0	0.980
IRF7	EP300	1851145	1845316	9606.ENSP00000329411	9606.ENSP00000263253	0	0	0	0	0	0.812	0.900	0	0.980
HDAC1	CCND1	1855935	1843117	9606.ENSP00000362649	9606.ENSP00000227507	0	0	0	0	0	0.812	0.900	0	0.980
SMAD3	JUNB	1851536	1848518	9606.ENSP00000332973	9606.ENSP00000303315	0	0	0	0	0	0.809	0.900	0	0.980
FOXO3	EP300	1852227	1845316	9606.ENSP00000339527	9606.ENSP00000263253	0	0	0	0	0	0.816	0.900	0	0.980
TGFBR2	UBC	1853779	1852861	9606.ENSP00000351905	9606.ENSP00000344818	0	0	0	0	0	0.812	0.900	0	0.980
JUN	HIF1A	1855436	1852062	9606.ENSP00000360266	9606.ENSP00000338018	0	0	0	0	0	0.812	0.900	0	0.980
PIK3CA	ESR1	1845446	1842435	9606.ENSP00000263967	9606.ENSP00000206249	0	0	0	0	0	0.810	0.900	0	0.980
ATF3	SMAD3	1852803	1851536	9606.ENSP00000344352	9606.ENSP00000332973	0	0	0	0	0	0.812	0.900	0	0.980
SMAD3	FOS	1851536	1848822	9606.ENSP00000332973	9606.ENSP00000306245	0	0	0	0	0	0.812	0.900	0	0.980
JUN	NR3C1	1855436	1843294	9606.ENSP00000360266	9606.ENSP00000231509	0	0	0	0	0	0.812	0.900	0	0.980
NEDD4L	SMAD7	1858810	1845078	9606.ENSP00000383199	9606.ENSP00000262158	0	0	0	0	0	0.817	0.900	0	0.980
STRAP	TGFBR2	1859630	1853779	9606.ENSP00000392270	9606.ENSP00000351905	0	0	0	0	0	0.809	0.900	0	0.980
FOXH1	SMAD3	1856663	1851536	9606.ENSP00000366534	9606.ENSP00000332973	0	0	0	0	0	0.809	0.900	0	0.980
UBE2D1	EP300	1856011	1845316	9606.ENSP00000363019	9606.ENSP00000263253	0	0	0	0	0	0.804	0.900	0	0.979
CDKN2A	CDKN1A	1859838	1843736	9606.ENSP00000394932	9606.ENSP00000244741	0	0	0	0	0	0.808	0.900	0	0.979
SMAD3	TGIF1	1851536	1850975	9606.ENSP00000332973	9606.ENSP00000327959	0	0	0	0	0	0.804	0.900	0	0.979
TGFB2	TGFBR2	1854475	1853779	9606.ENSP00000355896	9606.ENSP00000351905	0	0	0	0	0	0.804	0.900	0	0.979
SMAD3	PIAS4	1851536	1845259	9606.ENSP00000332973	9606.ENSP00000262971	0	0	0	0	0	0.803	0.900	0	0.979
NUP214	SMAD2	1853838	1845079	9606.ENSP00000352400	9606.ENSP00000262160	0	0	0	0	0	0.808	0.900	0	0.979
TGFB2	TGFB1	1854475	1842869	9606.ENSP00000355896	9606.ENSP00000221930	0	0	0	0.910	0	0.806	0.900	0	0.979
TGFBR2	SMAD7	1853779	1845078	9606.ENSP00000351905	9606.ENSP00000262158	0	0	0	0	0	0.807	0.900	0	0.979
MYC	CREBBP	1856789	1845124	9606.ENSP00000367207	9606.ENSP00000262367	0	0	0	0	0	0.808	0.900	0	0.979
SMAD3	ESR1	1851536	1842435	9606.ENSP00000332973	9606.ENSP00000206249	0	0	0	0	0	0.804	0.900	0	0.979
SMAD4	FOXO3	1852473	1852227	9606.ENSP00000341551	9606.ENSP00000339527	0	0	0	0	0	0.808	0.900	0	0.979
STRAP	SMAD7	1859630	1845078	9606.ENSP00000392270	9606.ENSP00000262158	0	0	0	0	0	0.806	0.900	0	0.979
HDAC1	SMAD7	1855935	1845078	9606.ENSP00000362649	9606.ENSP00000262158	0	0	0	0	0	0.804	0.900	0	0.979
JUN	ESR1	1855436	1842435	9606.ENSP00000360266	9606.ENSP00000206249	0	0	0	0	0	0.808	0.900	0	0.979
FOS	EP300	1848822	1845316	9606.ENSP00000306245	9606.ENSP00000263253	0	0	0	0	0	0.804	0.900	0	0.979
SMAD3	CEBPB	1851536	1848728	9606.ENSP00000332973	9606.ENSP00000305422	0	0	0	0	0	0.803	0.900	0	0.979
CDKN2A	CCND1	1859838	1843117	9606.ENSP00000394932	9606.ENSP00000227507	0	0	0	0	0	0.803	0.900	0	0.979
CTNNB1	SMAD7	1852818	1845078	9606.ENSP00000344456	9606.ENSP00000262158	0	0	0	0	0	0.804	0.900	0	0.979
VDR	SMAD3	1862386	1851536	9606.ENSP00000447173	9606.ENSP00000332973	0	0	0	0	0	0.808	0.900	0	0.979
CDKN2A	CCND2	1859838	1844875	9606.ENSP00000394932	9606.ENSP00000261254	0	0	0	0	0	0.804	0.900	0	0.979
E2F1	CREBBP	1852951	1845124	9606.ENSP00000345571	9606.ENSP00000262367	0	0	0	0	0	0.798	0.900	0	0.978
JUN	ETS2	1855436	1853968	9606.ENSP00000360266	9606.ENSP00000353344	0	0	0	0	0	0.777	0.900	0	0.976
FOS	ATF2	1848822	1845482	9606.ENSP00000306245	9606.ENSP00000264110	0	0	0	0	0	0.976	0	0	0.976
CDKN2B	CDK6	1846519	1845799	9606.ENSP00000276925	9606.ENSP00000265734	0	0	0	0	0	0.778	0.900	0	0.976
UBC	CDK6	1852861	1845799	9606.ENSP00000344818	9606.ENSP00000265734	0	0	0	0	0	0.974	0	0	0.974
ATF3	ATF2	1852803	1845482	9606.ENSP00000344352	9606.ENSP00000264110	0	0	0	0	0	0.758	0.900	0	0.974
UBC	CDK4	1852861	1844551	9606.ENSP00000344818	9606.ENSP00000257904	0	0	0	0	0	0.974	0	0	0.974
RBL1	CCND1	1855962	1843117	9606.ENSP00000362768	9606.ENSP00000227507	0	0	0	0	0	0.756	0.900	0	0.974
HSP90AA1	MAPK1	1851814	1842512	9606.ENSP00000335153	9606.ENSP00000215832	0	0	0	0	0	0.734	0.900	0	0.972
SMAD4	CDKN1A	1852473	1843736	9606.ENSP00000341551	9606.ENSP00000244741	0	0	0	0	0	0.732	0.900	0	0.972
SPTBN1	UBC	1853414	1852861	9606.ENSP00000349259	9606.ENSP00000344818	0	0	0	0	0	0.972	0	0	0.972
JUNB	ATF2	1848518	1845482	9606.ENSP00000303315	9606.ENSP00000264110	0	0	0	0.629	0	0.717	0.900	0	0.970
TRIM33	UBC	1853689	1852861	9606.ENSP00000351250	9606.ENSP00000344818	0	0	0	0	0	0.721	0.900	0	0.970
NEDD4L	UBE2D1	1858810	1856011	9606.ENSP00000383199	9606.ENSP00000363019	0	0	0	0	0	0.970	0	0	0.970
RAN	NUP153	1857999	1845057	9606.ENSP00000376176	9606.ENSP00000262077	0	0	0	0	0	0.704	0.900	0	0.969
UBC	MAPK1	1852861	1842512	9606.ENSP00000344818	9606.ENSP00000215832	0	0	0	0	0	0.969	0	0	0.969
TGFBR1	CTNNB1	1856216	1852818	9606.ENSP00000364133	9606.ENSP00000344456	0	0	0	0	0	0.699	0.900	0	0.968
JUN	MAPK11	1855436	1851615	9606.ENSP00000360266	9606.ENSP00000333685	0	0	0	0	0	0.686	0.900	0	0.967
JUN	MAPK14	1855436	1843222	9606.ENSP00000360266	9606.ENSP00000229794	0	0	0	0	0	0.689	0.900	0	0.967
NPM1	TP53	1847808	1846083	9606.ENSP00000296930	9606.ENSP00000269305	0	0	0	0	0	0.966	0	0	0.966
AR	STUB1	1856164	1842759	9606.ENSP00000363822	9606.ENSP00000219548	0	0	0	0	0	0.964	0	0	0.964
ACVR1B	SMAD3	1862229	1851536	9606.ENSP00000442656	9606.ENSP00000332973	0	0	0	0	0	0.663	0.900	0	0.964
ACVR1B	SMAD2	1862229	1845079	9606.ENSP00000442656	9606.ENSP00000262160	0	0	0	0	0	0.663	0.900	0	0.964
MYC	KAT2B	1856789	1845408	9606.ENSP00000367207	9606.ENSP00000263754	0	0	0	0	0	0.650	0.900	0	0.963
AR	SP1	1856164	1851138	9606.ENSP00000363822	9606.ENSP00000329357	0	0	0	0	0	0.963	0	0	0.963
HDAC1	PML	1855935	1845989	9606.ENSP00000362649	9606.ENSP00000268058	0	0	0	0	0	0.962	0	0	0.962
UBC	MYOD1	1852861	1843984	9606.ENSP00000344818	9606.ENSP00000250003	0	0	0	0	0	0.962	0	0	0.962
RUNX2	EP300	1855482	1845316	9606.ENSP00000360493	9606.ENSP00000263253	0	0	0	0	0	0.962	0	0	0.962
FOXO4	UBC	1856074	1852861	9606.ENSP00000363377	9606.ENSP00000344818	0	0	0	0	0	0.962	0	0	0.962
JUN	PML	1855436	1845989	9606.ENSP00000360266	9606.ENSP00000268058	0	0	0	0	0	0.962	0	0	0.962
UBC	FOXO3	1852861	1852227	9606.ENSP00000344818	9606.ENSP00000339527	0	0	0	0	0	0.962	0	0	0.962
PML	PIN1	1845989	1843886	9606.ENSP00000268058	9606.ENSP00000247970	0	0	0	0	0	0.963	0	0	0.962
MDM2	ESR1	1861282	1842435	9606.ENSP00000417281	9606.ENSP00000206249	0	0	0	0	0	0.962	0	0	0.962
ETS2	EP300	1853968	1845316	9606.ENSP00000353344	9606.ENSP00000263253	0	0	0	0	0	0.962	0	0	0.962
SMAD3	MYOD1	1851536	1843984	9606.ENSP00000332973	9606.ENSP00000250003	0	0	0	0	0	0.632	0.900	0	0.961
NEDD4L	SMAD2	1858810	1845079	9606.ENSP00000383199	9606.ENSP00000262160	0	0	0	0	0	0.630	0.900	0	0.961
UBC	RUNX1	1852861	1848173	9606.ENSP00000344818	9606.ENSP00000300305	0	0	0	0	0	0.960	0	0	0.960
SMAD3	CDC25A	1851536	1848560	9606.ENSP00000332973	9606.ENSP00000303706	0	0	0	0	0	0.619	0.900	0	0.960
HDAC1	CDKN1A	1855935	1843736	9606.ENSP00000362649	9606.ENSP00000244741	0	0	0	0	0	0.961	0	0	0.960
SP1	MAPK14	1851138	1843222	9606.ENSP00000329357	9606.ENSP00000229794	0	0	0	0	0	0.623	0.900	0	0.960
CTNNB1	SMAD3	1852818	1851536	9606.ENSP00000344456	9606.ENSP00000332973	0	0	0	0	0	0.960	0	0	0.960
NEDD9	SMAD3	1857032	1851536	9606.ENSP00000368759	9606.ENSP00000332973	0	0	0	0	0	0.960	0	0	0.960
EIF2C4	EIF2C3	1855854	1855848	9606.ENSP00000362306	9606.ENSP00000362287	0	0	0	0.985	0	0.621	0.900	0	0.960
AR	HDAC1	1856164	1855935	9606.ENSP00000363822	9606.ENSP00000362649	0	0	0	0	0	0.960	0	0	0.960
ETS1	MAPK14	1858032	1843222	9606.ENSP00000376436	9606.ENSP00000229794	0	0	0	0	0	0.623	0.900	0	0.960
KAT2B	MAPK14	1845408	1843222	9606.ENSP00000263754	9606.ENSP00000229794	0	0	0	0	0	0.622	0.900	0	0.960
EIF2C1	TP53	1855852	1846083	9606.ENSP00000362300	9606.ENSP00000269305	0	0	0	0	0	0.619	0.900	0	0.960
SMAD4	JUNB	1852473	1848518	9606.ENSP00000341551	9606.ENSP00000303315	0	0	0	0	0	0.608	0.900	0	0.959
MAPK11	SP1	1851615	1851138	9606.ENSP00000333685	9606.ENSP00000329357	0	0	0	0	0	0.615	0.900	0	0.959
MAPK14	ESR1	1843222	1842435	9606.ENSP00000229794	9606.ENSP00000206249	0	0	0	0	0	0.601	0.900	0	0.958
CDKN2A	TRIP12	1859838	1846877	9606.ENSP00000394932	9606.ENSP00000283943	0	0	0	0	0	0.959	0	0	0.958
SMAD2	TGFB1	1845079	1842869	9606.ENSP00000262160	9606.ENSP00000221930	0	0	0	0	0	0.605	0.900	0	0.958
CDKN2A	SP1	1859838	1851138	9606.ENSP00000394932	9606.ENSP00000329357	0	0	0	0	0	0.598	0.900	0	0.958
SMAD7	TGFB1	1845078	1842869	9606.ENSP00000262158	9606.ENSP00000221930	0	0	0	0	0	0.599	0.900	0	0.958
SMAD3	TGFB1	1851536	1842869	9606.ENSP00000332973	9606.ENSP00000221930	0	0	0	0	0	0.605	0.900	0	0.958
CTNNB1	FOXO3	1852818	1852227	9606.ENSP00000344456	9606.ENSP00000339527	0	0	0	0	0	0.601	0.900	0	0.958
FOXO1	CTNNB1	1857055	1852818	9606.ENSP00000368880	9606.ENSP00000344456	0	0	0	0	0	0.601	0.900	0	0.958
ZBTB17	CDKN2B	1856370	1846519	9606.ENSP00000364895	9606.ENSP00000276925	0	0	0	0	0	0.588	0.900	0	0.957
SP1	CDKN2B	1851138	1846519	9606.ENSP00000329357	9606.ENSP00000276925	0	0	0	0	0	0.592	0.900	0	0.957
FOS	ESR1	1848822	1842435	9606.ENSP00000306245	9606.ENSP00000206249	0	0	0	0	0	0.590	0.900	0	0.957
MAPK11	MAPK14	1851615	1843222	9606.ENSP00000333685	9606.ENSP00000229794	0	0	0	0.983	0	0.594	0.900	0	0.957
EP300	MAPK14	1845316	1843222	9606.ENSP00000263253	9606.ENSP00000229794	0	0	0	0	0	0.585	0.900	0	0.956
HNF4A	ESR1	1849587	1842435	9606.ENSP00000312987	9606.ENSP00000206249	0	0	0	0.688	0	0.581	0.900	0	0.956
AR	HNF4A	1856164	1849587	9606.ENSP00000363822	9606.ENSP00000312987	0	0	0	0.654	0	0.579	0.900	0	0.956
VDR	HNF4A	1862386	1849587	9606.ENSP00000447173	9606.ENSP00000312987	0	0	0	0.652	0	0.585	0.900	0	0.956
RBL1	SMAD2	1855962	1845079	9606.ENSP00000362768	9606.ENSP00000262160	0	0	0	0	0	0.569	0.900	0	0.955
EP300	NR3C1	1845316	1843294	9606.ENSP00000263253	9606.ENSP00000231509	0	0	0	0	0	0.576	0.900	0	0.955
UBE2D1	CREBBP	1856011	1845124	9606.ENSP00000363019	9606.ENSP00000262367	0	0	0	0	0	0.569	0.900	0	0.955
SKI	HDAC1	1856887	1855935	9606.ENSP00000367797	9606.ENSP00000362649	0	0	0	0	0	0.569	0.900	0	0.955
AR	KAT2B	1856164	1845408	9606.ENSP00000363822	9606.ENSP00000263754	0	0	0	0	0	0.576	0.900	0	0.955
FOXO4	SMAD3	1856074	1851536	9606.ENSP00000363377	9606.ENSP00000332973	0	0	0	0	0	0.573	0.900	0	0.955
STRAP	SMAD2	1859630	1845079	9606.ENSP00000392270	9606.ENSP00000262160	0	0	0	0	0	0.570	0.900	0	0.955
E2F5	CREBBP	1860048	1845124	9606.ENSP00000398124	9606.ENSP00000262367	0	0	0	0	0	0.576	0.900	0	0.955
SMAD4	MED15	1852473	1845304	9606.ENSP00000341551	9606.ENSP00000263205	0	0	0	0	0	0.573	0.900	0	0.955
PML	SMAD2	1845989	1845079	9606.ENSP00000268058	9606.ENSP00000262160	0	0	0	0	0	0.569	0.900	0	0.955
SMAD4	CTCF	1852473	1845456	9606.ENSP00000341551	9606.ENSP00000264010	0	0	0	0	0	0.576	0.900	0	0.955
SMAD4	KPNB1	1852473	1847208	9606.ENSP00000341551	9606.ENSP00000290158	0	0	0	0	0	0.576	0.900	0	0.955
SMURF1	TGFBR2	1854172	1853779	9606.ENSP00000354621	9606.ENSP00000351905	0	0	0	0	0	0.569	0.900	0	0.955
RBL1	SMAD3	1855962	1851536	9606.ENSP00000362768	9606.ENSP00000332973	0	0	0	0	0	0.569	0.900	0	0.955
ACVR1B	TDGF1	1862229	1847689	9606.ENSP00000442656	9606.ENSP00000296145	0	0	0	0	0	0.576	0.900	0	0.955
SPTBN1	SMAD3	1853414	1851536	9606.ENSP00000349259	9606.ENSP00000332973	0	0	0	0	0	0.573	0.900	0	0.955
MYC	RBL1	1856789	1855962	9606.ENSP00000367207	9606.ENSP00000362768	0	0	0	0	0	0.576	0.900	0	0.955
SMAD3	PML	1851536	1845989	9606.ENSP00000332973	9606.ENSP00000268058	0	0	0	0	0	0.569	0.900	0	0.955
MYC	SMAD3	1856789	1851536	9606.ENSP00000367207	9606.ENSP00000332973	0	0	0	0	0	0.576	0.900	0	0.955
CDKN2A	E2F1	1859838	1852951	9606.ENSP00000394932	9606.ENSP00000345571	0	0	0	0	0	0.576	0.900	0	0.955
TGFBR1	SPTBN1	1856216	1853414	9606.ENSP00000364133	9606.ENSP00000349259	0	0	0	0	0	0.573	0.900	0	0.955
SMAD3	ATF2	1851536	1845482	9606.ENSP00000332973	9606.ENSP00000264110	0	0	0	0	0	0.576	0.900	0	0.955
E2F5	SMAD3	1860048	1851536	9606.ENSP00000398124	9606.ENSP00000332973	0	0	0	0	0	0.569	0.900	0	0.955
TDGF1	ACVR1C	1847689	1843668	9606.ENSP00000296145	9606.ENSP00000243349	0	0	0	0	0	0.576	0.900	0	0.955
ATF2	CCND1	1845482	1843117	9606.ENSP00000264110	9606.ENSP00000227507	0	0	0	0	0	0.576	0.900	0	0.955
E2F1	CDKN1A	1852951	1843736	9606.ENSP00000345571	9606.ENSP00000244741	0	0	0	0	0	0.576	0.900	0	0.955
FOXO1	CEBPB	1857055	1848728	9606.ENSP00000368880	9606.ENSP00000305422	0	0	0	0	0	0.576	0.900	0	0.955
TGFBR2	PML	1853779	1845989	9606.ENSP00000351905	9606.ENSP00000268058	0	0	0	0	0	0.569	0.900	0	0.955
MYC	SMAD2	1856789	1845079	9606.ENSP00000367207	9606.ENSP00000262160	0	0	0	0	0	0.576	0.900	0	0.955
MYC	CTNNB1	1856789	1852818	9606.ENSP00000367207	9606.ENSP00000344456	0	0	0	0	0	0.570	0.900	0	0.955
RNF111	AXIN1	1847116	1845118	9606.ENSP00000288199	9606.ENSP00000262320	0	0	0	0	0	0.576	0.900	0	0.955
FOXO1	SMAD4	1857055	1852473	9606.ENSP00000368880	9606.ENSP00000341551	0	0	0	0	0	0.573	0.900	0	0.955
SMAD3	AXIN1	1851536	1845118	9606.ENSP00000332973	9606.ENSP00000262320	0	0	0	0	0	0.576	0.900	0	0.955
SIN3A	SKIL	1854005	1844666	9606.ENSP00000353622	9606.ENSP00000259119	0	0	0	0	0	0.569	0.900	0	0.955
E2F1	EP300	1852951	1845316	9606.ENSP00000345571	9606.ENSP00000263253	0	0	0	0	0	0.569	0.900	0	0.955
IRF7	CREBBP	1851145	1845124	9606.ENSP00000329411	9606.ENSP00000262367	0	0	0	0	0	0.576	0.900	0	0.955
JUN	SMAD4	1855436	1852473	9606.ENSP00000360266	9606.ENSP00000341551	0	0	0	0	0	0.569	0.900	0	0.955
SMAD4	HNF4A	1852473	1849587	9606.ENSP00000341551	9606.ENSP00000312987	0	0	0	0	0	0.576	0.900	0	0.955
MYC	MEN1	1856789	1851960	9606.ENSP00000367207	9606.ENSP00000337088	0	0	0	0	0	0.572	0.900	0	0.955
E2F4	SMAD2	1857021	1845079	9606.ENSP00000368686	9606.ENSP00000262160	0	0	0	0	0	0.569	0.900	0	0.955
SMAD2	NUP153	1845079	1845057	9606.ENSP00000262160	9606.ENSP00000262077	0	0	0	0	0	0.576	0.900	0	0.955
MEN1	SMAD3	1851960	1851536	9606.ENSP00000337088	9606.ENSP00000332973	0	0	0	0	0	0.576	0.900	0	0.955
AR	NR3C1	1856164	1843294	9606.ENSP00000363822	9606.ENSP00000231509	0	0	0	0.825	0	0.576	0.900	0	0.955
MTMR4	SMAD2	1850721	1845079	9606.ENSP00000325285	9606.ENSP00000262160	0	0	0	0	0	0.576	0.900	0	0.955
MAPK11	TP53	1851615	1846083	9606.ENSP00000333685	9606.ENSP00000269305	0	0	0	0	0	0.576	0.900	0	0.955
TGFBR1	PML	1856216	1845989	9606.ENSP00000364133	9606.ENSP00000268058	0	0	0	0	0	0.569	0.900	0	0.955
KAT2B	CCND1	1845408	1843117	9606.ENSP00000263754	9606.ENSP00000227507	0	0	0	0	0	0.576	0.900	0	0.955
STRAP	SMAD3	1859630	1851536	9606.ENSP00000392270	9606.ENSP00000332973	0	0	0	0	0	0.570	0.900	0	0.955
TGFB2	TGFB3	1854475	1843496	9606.ENSP00000355896	9606.ENSP00000238682	0	0	0	0.959	0	0.569	0.900	0	0.955
FOXO1	FOXG1	1857055	1852163	9606.ENSP00000368880	9606.ENSP00000339004	0	0	0	0.643	0	0.573	0.900	0	0.955
CREBBP	CCND1	1845124	1843117	9606.ENSP00000262367	9606.ENSP00000227507	0	0	0	0	0	0.570	0.900	0	0.955
FOXH1	SMAD4	1856663	1852473	9606.ENSP00000366534	9606.ENSP00000341551	0	0	0	0	0	0.576	0.900	0	0.955
FOXO4	SMAD4	1856074	1852473	9606.ENSP00000363377	9606.ENSP00000341551	0	0	0	0	0	0.573	0.900	0	0.955
FOXO3	FOXG1	1852227	1852163	9606.ENSP00000339527	9606.ENSP00000339004	0	0	0	0.640	0	0.573	0.900	0	0.955
SMAD4	CDKN2B	1852473	1846519	9606.ENSP00000341551	9606.ENSP00000276925	0	0	0	0	0	0.570	0.900	0	0.955
SMAD3	KPNB1	1851536	1847208	9606.ENSP00000332973	9606.ENSP00000290158	0	0	0	0	0	0.576	0.900	0	0.955
UBA52	UBE2D1	1859324	1856011	9606.ENSP00000388107	9606.ENSP00000363019	0	0	0	0	0	0.571	0.900	0	0.955
SMAD4	ATF2	1852473	1845482	9606.ENSP00000341551	9606.ENSP00000264110	0	0	0	0	0	0.576	0.900	0	0.955
SMAD2	MAPK1	1845079	1842512	9606.ENSP00000262160	9606.ENSP00000215832	0	0	0	0	0	0.576	0.900	0	0.955
AR	SMAD4	1856164	1852473	9606.ENSP00000363822	9606.ENSP00000341551	0	0	0	0	0	0.576	0.900	0	0.955
ATF2	EP300	1845482	1845316	9606.ENSP00000264110	9606.ENSP00000263253	0	0	0	0	0	0.569	0.900	0	0.955
CDKN2A	RNF2	1859838	1854609	9606.ENSP00000394932	9606.ENSP00000356480	0	0	0	0	0	0.576	0.900	0	0.955
SMAD3	MED15	1851536	1845304	9606.ENSP00000332973	9606.ENSP00000263205	0	0	0	0	0	0.573	0.900	0	0.955
MYC	ESR1	1856789	1842435	9606.ENSP00000367207	9606.ENSP00000206249	0	0	0	0	0	0.576	0.900	0	0.955
E2F4	E2F1	1857021	1852951	9606.ENSP00000368686	9606.ENSP00000345571	0	0	0	0.727	0	0.576	0.900	0	0.955
ETS1	SP1	1858032	1851138	9606.ENSP00000376436	9606.ENSP00000329357	0	0	0	0	0	0.576	0.900	0	0.955
SMAD3	HNF4A	1851536	1849587	9606.ENSP00000332973	9606.ENSP00000312987	0	0	0	0	0	0.576	0.900	0	0.955
AXIN1	PIN1	1845118	1843886	9606.ENSP00000262320	9606.ENSP00000247970	0	0	0	0	0	0.574	0.900	0	0.955
IRF7	KAT2B	1851145	1845408	9606.ENSP00000329411	9606.ENSP00000263754	0	0	0	0	0	0.576	0.900	0	0.955
FOXO4	FOXG1	1856074	1852163	9606.ENSP00000363377	9606.ENSP00000339004	0	0	0	0.644	0	0.573	0.900	0	0.955
MDM2	ABL1	1861282	1855665	9606.ENSP00000417281	9606.ENSP00000361423	0	0	0	0	0	0.576	0.900	0	0.955
CEBPB	CREBBP	1848728	1845124	9606.ENSP00000305422	9606.ENSP00000262367	0	0	0	0	0	0.576	0.900	0	0.955
ETS1	FOS	1858032	1848822	9606.ENSP00000376436	9606.ENSP00000306245	0	0	0	0	0	0.576	0.900	0	0.955
SMAD3	MTMR4	1851536	1850721	9606.ENSP00000332973	9606.ENSP00000325285	0	0	0	0	0	0.576	0.900	0	0.955
SMAD3	PPM1A	1851536	1850907	9606.ENSP00000332973	9606.ENSP00000327255	0	0	0	0	0	0.576	0.900	0	0.955
MYC	AXIN1	1856789	1845118	9606.ENSP00000367207	9606.ENSP00000262320	0	0	0	0	0	0.574	0.900	0	0.955
E2F4	SMAD3	1857021	1851536	9606.ENSP00000368686	9606.ENSP00000332973	0	0	0	0	0	0.569	0.900	0	0.955
PPM1A	SMAD2	1850907	1845079	9606.ENSP00000327255	9606.ENSP00000262160	0	0	0	0	0	0.576	0.900	0	0.955
MYC	HSP90AA1	1856789	1851814	9606.ENSP00000367207	9606.ENSP00000335153	0	0	0	0	0	0.576	0.900	0	0.955
MED15	SMAD2	1845304	1845079	9606.ENSP00000263205	9606.ENSP00000262160	0	0	0	0	0	0.573	0.900	0	0.955
FOXO3	SMAD2	1852227	1845079	9606.ENSP00000339527	9606.ENSP00000262160	0	0	0	0	0	0.573	0.900	0	0.955
HDAC1	SMAD4	1855935	1852473	9606.ENSP00000362649	9606.ENSP00000341551	0	0	0	0	0	0.570	0.900	0	0.955
E2F1	CDKN2C	1852951	1845196	9606.ENSP00000345571	9606.ENSP00000262662	0	0	0	0	0	0.576	0.900	0	0.955
HMGA2	SMAD3	1858894	1851536	9606.ENSP00000384026	9606.ENSP00000332973	0	0	0	0	0	0.576	0.900	0	0.955
RBL1	SMAD4	1855962	1852473	9606.ENSP00000362768	9606.ENSP00000341551	0	0	0	0	0	0.569	0.900	0	0.955
FOXO1	SMAD3	1857055	1851536	9606.ENSP00000368880	9606.ENSP00000332973	0	0	0	0	0	0.573	0.900	0	0.955
HDAC1	SKIL	1855935	1844666	9606.ENSP00000362649	9606.ENSP00000259119	0	0	0	0	0	0.569	0.900	0	0.955
AR	ESR1	1856164	1842435	9606.ENSP00000363822	9606.ENSP00000206249	0	0	0	0.692	0	0.576	0.900	0	0.955
TGFBR2	DAB2	1853779	1849619	9606.ENSP00000351905	9606.ENSP00000313391	0	0	0	0	0	0.564	0.900	0	0.954
ETS1	ETS2	1858032	1853968	9606.ENSP00000376436	9606.ENSP00000353344	0	0	0	0.944	0	0.564	0.900	0	0.954
ETS2	FOS	1853968	1848822	9606.ENSP00000353344	9606.ENSP00000306245	0	0	0	0	0	0.564	0.900	0	0.954
CTNNB1	SMAD4	1852818	1852473	9606.ENSP00000344456	9606.ENSP00000341551	0	0	0	0	0	0.566	0.900	0	0.954
FOXG1	SMAD3	1852163	1851536	9606.ENSP00000339004	9606.ENSP00000332973	0	0	0	0	0	0.564	0.900	0	0.954
SIN3A	SMAD3	1854005	1851536	9606.ENSP00000353622	9606.ENSP00000332973	0	0	0	0	0	0.567	0.900	0	0.954
CDKN2A	CDKN2C	1859838	1845196	9606.ENSP00000394932	9606.ENSP00000262662	0	0	0	0.821	0	0.564	0.900	0	0.954
JUN	CDKN1A	1855436	1843736	9606.ENSP00000360266	9606.ENSP00000244741	0	0	0	0	0	0.566	0.900	0	0.954
FOXG1	SMAD2	1852163	1845079	9606.ENSP00000339004	9606.ENSP00000262160	0	0	0	0	0	0.564	0.900	0	0.954
SKI	RPS27A	1856887	1846244	9606.ENSP00000367797	9606.ENSP00000272317	0	0	0	0	0	0.568	0.900	0	0.954
SMAD3	IRF7	1851536	1851145	9606.ENSP00000332973	9606.ENSP00000329411	0	0	0	0	0	0.566	0.900	0	0.954
UBA52	STUB1	1859324	1842759	9606.ENSP00000388107	9606.ENSP00000219548	0	0	0	0	0	0.567	0.900	0	0.954
SMAD3	STUB1	1851536	1842759	9606.ENSP00000332973	9606.ENSP00000219548	0	0	0	0	0	0.567	0.900	0	0.954
PSMD4	STUB1	1854905	1842759	9606.ENSP00000357879	9606.ENSP00000219548	0	0	0	0	0	0.954	0	0	0.954
ZBTB17	MAX	1856370	1853721	9606.ENSP00000364895	9606.ENSP00000351490	0	0	0	0	0	0.566	0.900	0	0.954
TGFBR2	SMAD4	1853779	1852473	9606.ENSP00000351905	9606.ENSP00000341551	0	0	0	0	0	0.564	0.900	0	0.954
PML	EP300	1845989	1845316	9606.ENSP00000268058	9606.ENSP00000263253	0	0	0	0	0	0.567	0.900	0	0.954
UBE2D1	HIF1A	1856011	1852062	9606.ENSP00000363019	9606.ENSP00000338018	0	0	0	0	0	0.567	0.900	0	0.954
E2F5	EP300	1860048	1845316	9606.ENSP00000398124	9606.ENSP00000263253	0	0	0	0	0	0.564	0.900	0	0.954
FOXO1	EP300	1857055	1845316	9606.ENSP00000368880	9606.ENSP00000263253	0	0	0	0	0	0.564	0.900	0	0.954
E2F4	SIN3A	1857021	1854005	9606.ENSP00000368686	9606.ENSP00000353622	0	0	0	0	0	0.567	0.900	0	0.954
HDAC1	KAT2B	1855935	1845408	9606.ENSP00000362649	9606.ENSP00000263754	0	0	0	0	0	0.566	0.900	0	0.954
SMAD4	CREBBP	1852473	1845124	9606.ENSP00000341551	9606.ENSP00000262367	0	0	0	0	0	0.567	0.900	0	0.954
NUP214	SMAD3	1853838	1851536	9606.ENSP00000352400	9606.ENSP00000332973	0	0	0	0	0	0.566	0.900	0	0.954
CDKN2A	CDKN1B	1859838	1843169	9606.ENSP00000394932	9606.ENSP00000228872	0	0	0	0	0	0.567	0.900	0	0.954
SMAD4	FOXG1	1852473	1852163	9606.ENSP00000341551	9606.ENSP00000339004	0	0	0	0	0	0.564	0.900	0	0.954
DAB2	SMAD2	1849619	1845079	9606.ENSP00000313391	9606.ENSP00000262160	0	0	0	0	0	0.564	0.900	0	0.954
SP1	CDKN1A	1851138	1843736	9606.ENSP00000329357	9606.ENSP00000244741	0	0	0	0	0	0.567	0.900	0	0.954
TGFBR2	SMAD3	1853779	1851536	9606.ENSP00000351905	9606.ENSP00000332973	0	0	0	0	0	0.564	0.900	0	0.954
TGFBR1	ZFYVE9	1856216	1847085	9606.ENSP00000364133	9606.ENSP00000287727	0	0	0	0	0	0.564	0.900	0	0.954
TGIF2	HDAC1	1856003	1855935	9606.ENSP00000362979	9606.ENSP00000362649	0	0	0	0	0	0.566	0.900	0	0.954
MAX	SMAD4	1853721	1852473	9606.ENSP00000351490	9606.ENSP00000341551	0	0	0	0	0	0.564	0.900	0	0.954
TGIF2	SMAD3	1856003	1851536	9606.ENSP00000362979	9606.ENSP00000332973	0	0	0	0	0	0.566	0.900	0	0.954
TGFBR2	CTNNB1	1853779	1852818	9606.ENSP00000351905	9606.ENSP00000344456	0	0	0	0	0	0.566	0.900	0	0.954
NUP214	SMAD4	1853838	1852473	9606.ENSP00000352400	9606.ENSP00000341551	0	0	0	0	0	0.566	0.900	0	0.954
SMAD4	ESR1	1852473	1842435	9606.ENSP00000341551	9606.ENSP00000206249	0	0	0	0	0	0.567	0.900	0	0.954
SMAD3	DAB2	1851536	1849619	9606.ENSP00000332973	9606.ENSP00000313391	0	0	0	0	0	0.564	0.900	0	0.954
TGFBR1	DAB2	1856216	1849619	9606.ENSP00000364133	9606.ENSP00000313391	0	0	0	0	0	0.564	0.900	0	0.954
TGFBR2	ZFYVE9	1853779	1847085	9606.ENSP00000351905	9606.ENSP00000287727	0	0	0	0	0	0.564	0.900	0	0.954
SMAD3	NUP153	1851536	1845057	9606.ENSP00000332973	9606.ENSP00000262077	0	0	0	0	0	0.566	0.900	0	0.954
SMAD4	IRF7	1852473	1851145	9606.ENSP00000341551	9606.ENSP00000329411	0	0	0	0	0	0.566	0.900	0	0.954
ABL1	HSP90AA1	1855665	1851814	9606.ENSP00000361423	9606.ENSP00000335153	0	0	0	0	0	0.953	0	0	0.953
HDAC1	SUZ12	1855935	1849881	9606.ENSP00000362649	9606.ENSP00000316578	0	0	0	0	0	0.552	0.900	0	0.953
RBL1	CDK6	1855962	1845799	9606.ENSP00000362768	9606.ENSP00000265734	0	0	0	0	0	0.770	0.800	0	0.952
RNF2	EED	1854609	1845338	9606.ENSP00000356480	9606.ENSP00000263360	0	0	0	0	0	0.533	0.900	0	0.951
RNF2	SUZ12	1854609	1849881	9606.ENSP00000356480	9606.ENSP00000316578	0	0	0	0	0	0.533	0.900	0	0.951
ACVR1B	SMAD7	1862229	1845078	9606.ENSP00000442656	9606.ENSP00000262158	0	0	0	0	0	0.949	0	0	0.949
HSP90AA1	CDK4	1851814	1844551	9606.ENSP00000335153	9606.ENSP00000257904	0	0	0	0	0	0.948	0	0	0.948
UBC	FOS	1852861	1848822	9606.ENSP00000344818	9606.ENSP00000306245	0	0	0	0	0	0.947	0	0	0.947
VDR	TP53	1862386	1846083	9606.ENSP00000447173	9606.ENSP00000269305	0	0	0	0	0	0.491	0.900	0	0.946
CCND2	CDKN1B	1844875	1843169	9606.ENSP00000261254	9606.ENSP00000228872	0	0	0	0	0	0.739	0.800	0	0.945
UBC	EZH2	1852861	1850211	9606.ENSP00000344818	9606.ENSP00000320147	0	0	0	0	0	0.945	0	0	0.945
EIF2C1	EIF2C3	1855852	1855848	9606.ENSP00000362300	9606.ENSP00000362287	0	0	0	0.987	0	0.481	0.900	0	0.945
ETS1	UBC	1858032	1852861	9606.ENSP00000376436	9606.ENSP00000344818	0	0	0	0	0	0.945	0	0	0.944
UBA52	SMURF1	1859324	1854172	9606.ENSP00000388107	9606.ENSP00000354621	0	0	0	0	0	0.467	0.900	0	0.944
MYC	CDK4	1856789	1844551	9606.ENSP00000367207	9606.ENSP00000257904	0	0	0	0	0	0.464	0.900	0	0.944
UBA52	RPS27A	1859324	1846244	9606.ENSP00000388107	9606.ENSP00000272317	0	0	0	0.961	0	0.469	0.900	0	0.944
SIN3A	UBC	1854005	1852861	9606.ENSP00000353622	9606.ENSP00000344818	0	0	0	0	0	0.943	0	0	0.943
UBC	JUNB	1852861	1848518	9606.ENSP00000344818	9606.ENSP00000303315	0	0	0	0	0	0.943	0	0	0.943
RPS27A	SMAD2	1846244	1845079	9606.ENSP00000272317	9606.ENSP00000262160	0	0	0	0	0	0.448	0.900	0	0.942
ERBB2IP	SMAD3	1857307	1851536	9606.ENSP00000370330	9606.ENSP00000332973	0	0	0	0	0	0.938	0	0	0.938
ERBB2IP	SMAD2	1857307	1845079	9606.ENSP00000370330	9606.ENSP00000262160	0	0	0	0	0	0.938	0	0	0.938
CDKN2A	EZH2	1859838	1850211	9606.ENSP00000394932	9606.ENSP00000320147	0	0	0	0	0	0.375	0.900	0	0.934
CDK2	MAPK1	1845906	1842512	9606.ENSP00000266970	9606.ENSP00000215832	0	0	0	0.876	0	0.364	0.900	0	0.933
UBA52	WWP1	1859324	1845749	9606.ENSP00000388107	9606.ENSP00000265428	0	0	0	0	0	0.362	0.900	0	0.933
TGFBR1	HSP90AA1	1856216	1851814	9606.ENSP00000364133	9606.ENSP00000335153	0	0	0	0	0	0.933	0	0	0.933
UBA52	NEDD4L	1859324	1858810	9606.ENSP00000388107	9606.ENSP00000383199	0	0	0	0	0	0.362	0.900	0	0.933
RPS27A	CDK2	1846244	1845906	9606.ENSP00000272317	9606.ENSP00000266970	0	0	0	0	0	0.357	0.900	0	0.933
UBA52	HSP90AA1	1859324	1851814	9606.ENSP00000388107	9606.ENSP00000335153	0	0	0	0	0	0.363	0.900	0	0.933
RNF2	EZH2	1854609	1850211	9606.ENSP00000356480	9606.ENSP00000320147	0	0	0	0	0	0.341	0.900	0	0.931
E2F1	EZH2	1852951	1850211	9606.ENSP00000345571	9606.ENSP00000320147	0	0	0	0	0	0.341	0.900	0	0.931
CDKN2A	SUZ12	1859838	1849881	9606.ENSP00000394932	9606.ENSP00000316578	0	0	0	0	0	0.341	0.900	0	0.931
SMURF1	RPS27A	1854172	1846244	9606.ENSP00000354621	9606.ENSP00000272317	0	0	0	0	0	0.321	0.900	0	0.929
JUN	KAT2B	1855436	1845408	9606.ENSP00000360266	9606.ENSP00000263754	0	0	0	0	0	0.320	0.900	0	0.929
HGS	RPS27A	1851318	1846244	9606.ENSP00000331201	9606.ENSP00000272317	0	0	0	0	0	0.303	0.900	0	0.927
CDC25A	CDK4	1848560	1844551	9606.ENSP00000303706	9606.ENSP00000257904	0	0	0	0	0	0.301	0.900	0	0.927
HDAC1	CDK2	1855935	1845906	9606.ENSP00000362649	9606.ENSP00000266970	0	0	0	0	0	0.305	0.900	0	0.927
CDC25A	CDK6	1848560	1845799	9606.ENSP00000303706	9606.ENSP00000265734	0	0	0	0	0	0.301	0.900	0	0.927
HDAC1	RUNX2	1855935	1855482	9606.ENSP00000362649	9606.ENSP00000360493	0	0	0	0	0	0.926	0	0	0.926
HSP90AA1	RPS27A	1851814	1846244	9606.ENSP00000335153	9606.ENSP00000272317	0	0	0	0	0	0.298	0.900	0	0.926
JUNB	MAPK14	1848518	1843222	9606.ENSP00000303315	9606.ENSP00000229794	0	0	0	0	0	0.649	0.800	0	0.926
FOS	MAPK14	1848822	1843222	9606.ENSP00000306245	9606.ENSP00000229794	0	0	0	0	0	0.299	0.900	0	0.926
SMAD3	PIN1	1851536	1843886	9606.ENSP00000332973	9606.ENSP00000247970	0	0	0	0	0	0.925	0	0	0.925
SMAD3	ZEB2	1851536	1848412	9606.ENSP00000332973	9606.ENSP00000302501	0	0	0	0	0	0.926	0	0	0.925
HDAC1	SMURF1	1855935	1854172	9606.ENSP00000362649	9606.ENSP00000354621	0	0	0	0	0	0.276	0.900	0	0.924
ABL1	JUN	1855665	1855436	9606.ENSP00000361423	9606.ENSP00000360266	0	0	0	0	0	0.924	0	0	0.924
UBE2D1	PSMD4	1856011	1854905	9606.ENSP00000363019	9606.ENSP00000357879	0	0	0	0	0	0.273	0.900	0	0.924
UBA52	SMAD2	1859324	1845079	9606.ENSP00000388107	9606.ENSP00000262160	0	0	0	0	0	0.265	0.900	0	0.923
MDM2	HSP90AA1	1861282	1851814	9606.ENSP00000417281	9606.ENSP00000335153	0	0	0	0	0	0.924	0	0	0.923
SMAD3	RPS27A	1851536	1846244	9606.ENSP00000332973	9606.ENSP00000272317	0	0	0	0	0	0.252	0.900	0	0.922
SMAD4	RPS27A	1852473	1846244	9606.ENSP00000341551	9606.ENSP00000272317	0	0	0	0	0	0.258	0.900	0	0.922
E2F5	CDK2	1860048	1845906	9606.ENSP00000398124	9606.ENSP00000266970	0	0	0	0	0	0.244	0.900	0	0.921
MYC	HDAC1	1856789	1855935	9606.ENSP00000367207	9606.ENSP00000362649	0	0	0	0	0	0.921	0	0	0.921
SMAD3	ACVR1C	1851536	1843668	9606.ENSP00000332973	9606.ENSP00000243349	0	0	0	0	0	0.248	0.900	0	0.921
E2F5	CDK4	1860048	1844551	9606.ENSP00000398124	9606.ENSP00000257904	0	0	0	0	0	0.244	0.900	0	0.921
SMAD2	ACVR1C	1845079	1843668	9606.ENSP00000262160	9606.ENSP00000243349	0	0	0	0	0	0.248	0.900	0	0.921
E2F4	CDK4	1857021	1844551	9606.ENSP00000368686	9606.ENSP00000257904	0	0	0	0	0	0.244	0.900	0	0.921
E2F1	CDK4	1852951	1844551	9606.ENSP00000345571	9606.ENSP00000257904	0	0	0	0	0	0.244	0.900	0	0.921
E2F1	CDK6	1852951	1845799	9606.ENSP00000345571	9606.ENSP00000265734	0	0	0	0	0	0.244	0.900	0	0.921
E2F4	CDK2	1857021	1845906	9606.ENSP00000368686	9606.ENSP00000266970	0	0	0	0	0	0.244	0.900	0	0.921
NEDD4L	WWP1	1858810	1845749	9606.ENSP00000383199	9606.ENSP00000265428	0	0	0	0.853	0	0.236	0.900	0	0.920
MAX	HSP90AA1	1853721	1851814	9606.ENSP00000351490	9606.ENSP00000335153	0	0	0	0	0	0.234	0.900	0	0.920
CDKN2AIP	CDKN2A	1861696	1859838	9606.ENSP00000427108	9606.ENSP00000394932	0	0	0	0	0	0.917	0	0	0.917
FOXO1	CDK2	1857055	1845906	9606.ENSP00000368880	9606.ENSP00000266970	0	0	0	0	0	0.206	0.900	0	0.917
ETS1	CREBBP	1858032	1845124	9606.ENSP00000376436	9606.ENSP00000262367	0	0	0	0	0	0.917	0	0	0.917
SMAD2	GSC	1845079	1843487	9606.ENSP00000262160	9606.ENSP00000238558	0	0	0	0	0	0.200	0.900	0	0.916
SMAD4	GSC	1852473	1843487	9606.ENSP00000341551	9606.ENSP00000238558	0	0	0	0	0	0.200	0.900	0	0.916
UBA52	TGFBR1	1859324	1856216	9606.ENSP00000388107	9606.ENSP00000364133	0	0	0	0	0	0.200	0.900	0	0.916
TGFBR1	RPS27A	1856216	1846244	9606.ENSP00000364133	9606.ENSP00000272317	0	0	0	0	0	0.200	0.900	0	0.916
UBA52	SMAD4	1859324	1852473	9606.ENSP00000388107	9606.ENSP00000341551	0	0	0	0	0	0.200	0.900	0	0.916
HDAC1	MYOD1	1855935	1843984	9606.ENSP00000362649	9606.ENSP00000250003	0	0	0	0	0	0.916	0	0	0.916
ETS2	CREBBP	1853968	1845124	9606.ENSP00000353344	9606.ENSP00000262367	0	0	0	0	0	0.916	0	0	0.916
SMAD3	GSC	1851536	1843487	9606.ENSP00000332973	9606.ENSP00000238558	0	0	0	0	0	0.200	0.900	0	0.916
FOXO1	ESR1	1857055	1842435	9606.ENSP00000368880	9606.ENSP00000206249	0	0	0	0	0	0.915	0	0	0.915
MDM2	FOXO4	1861282	1856074	9606.ENSP00000417281	9606.ENSP00000363377	0	0	0	0	0	0.915	0	0	0.915
RPS27A	WWP1	1846244	1845749	9606.ENSP00000272317	9606.ENSP00000265428	0	0	0	0	0	0.187	0.900	0	0.915
MDM2	NPM1	1861282	1847808	9606.ENSP00000417281	9606.ENSP00000296930	0	0	0	0	0	0.915	0	0	0.915
EZH2	SNAI1	1850211	1843697	9606.ENSP00000320147	9606.ENSP00000244050	0	0	0	0	0	0.915	0	0	0.915
ABL1	MAPK1	1855665	1842512	9606.ENSP00000361423	9606.ENSP00000215832	0	0	0	0.641	0	0.194	0.900	0	0.915
SP1	CEBPB	1851138	1848728	9606.ENSP00000329357	9606.ENSP00000305422	0	0	0	0	0	0.915	0	0	0.915
ABL1	MAPK11	1855665	1851615	9606.ENSP00000361423	9606.ENSP00000333685	0	0	0	0.648	0	0.194	0.900	0	0.915
ABL1	MAPK14	1855665	1843222	9606.ENSP00000361423	9606.ENSP00000229794	0	0	0	0.665	0	0.194	0.900	0	0.915
ETS1	EP300	1858032	1845316	9606.ENSP00000376436	9606.ENSP00000263253	0	0	0	0	0	0.915	0	0	0.915
CDKN1A	ESR1	1843736	1842435	9606.ENSP00000244741	9606.ENSP00000206249	0	0	0	0	0	0.915	0	0	0.915
UBC	NUP153	1852861	1845057	9606.ENSP00000344818	9606.ENSP00000262077	0	0	0	0	0	0.913	0	0	0.914
E2F1	CCND2	1852951	1844875	9606.ENSP00000345571	9606.ENSP00000261254	0	0	0	0	0	0.184	0.900	0	0.914
E2F1	CCND1	1852951	1843117	9606.ENSP00000345571	9606.ENSP00000227507	0	0	0	0	0	0.184	0.900	0	0.914
E2F4	CCND1	1857021	1843117	9606.ENSP00000368686	9606.ENSP00000227507	0	0	0	0	0	0.184	0.900	0	0.914
SMAD4	MYOD1	1852473	1843984	9606.ENSP00000341551	9606.ENSP00000250003	0	0	0	0	0	0.178	0.900	0	0.914
E2F5	CCND1	1860048	1843117	9606.ENSP00000398124	9606.ENSP00000227507	0	0	0	0	0	0.184	0.900	0	0.914
STUB1	ESR1	1842759	1842435	9606.ENSP00000219548	9606.ENSP00000206249	0	0	0	0	0	0.914	0	0	0.913
SKI	RNF111	1856887	1847116	9606.ENSP00000367797	9606.ENSP00000288199	0	0	0	0	0	0.914	0	0	0.913
MYC	CDK2	1856789	1845906	9606.ENSP00000367207	9606.ENSP00000266970	0	0	0	0	0	0.167	0.900	0	0.913
ERBB2IP	HSP90AA1	1857307	1851814	9606.ENSP00000370330	9606.ENSP00000335153	0	0	0	0	0	0.167	0.900	0	0.913
TP53	NR3C1	1846083	1843294	9606.ENSP00000269305	9606.ENSP00000231509	0	0	0	0	0	0.914	0	0	0.913
RNF111	SKIL	1847116	1844666	9606.ENSP00000288199	9606.ENSP00000259119	0	0	0	0	0	0.914	0	0	0.913
UBA52	ERBB2IP	1859324	1857307	9606.ENSP00000388107	9606.ENSP00000370330	0	0	0	0	0	0.161	0.900	0	0.912
SMAD4	SNAI1	1852473	1843697	9606.ENSP00000341551	9606.ENSP00000244050	0	0	0	0	0	0.149	0.900	0	0.911
FOXO3	MAPK1	1852227	1842512	9606.ENSP00000339527	9606.ENSP00000215832	0	0	0	0	0	0.576	0.800	0	0.911
FOS	NR3C1	1848822	1843294	9606.ENSP00000306245	9606.ENSP00000231509	0	0	0	0	0	0.149	0.900	0	0.911
SMAD4	MAPK1	1852473	1842512	9606.ENSP00000341551	9606.ENSP00000215832	0	0	0	0	0	0.576	0.800	0	0.911
MYC	TP53	1856789	1846083	9606.ENSP00000367207	9606.ENSP00000269305	0	0	0	0	0	0.150	0.900	0	0.911
EP300	TGFB1	1845316	1842869	9606.ENSP00000263253	9606.ENSP00000221930	0	0	0	0	0	0.149	0.900	0	0.911
SMAD3	TP53	1851536	1846083	9606.ENSP00000332973	9606.ENSP00000269305	0	0	0	0	0	0.911	0	0	0.911
CDKN2A	MAPK11	1859838	1851615	9606.ENSP00000394932	9606.ENSP00000333685	0	0	0	0	0	0.149	0.900	0	0.911
ETS2	MAPK14	1853968	1843222	9606.ENSP00000353344	9606.ENSP00000229794	0	0	0	0	0	0.149	0.900	0	0.911
RPS27A	STUB1	1846244	1842759	9606.ENSP00000272317	9606.ENSP00000219548	0	0	0	0	0	0.149	0.900	0	0.911
ACVR1B	NODAL	1862229	1847052	9606.ENSP00000442656	9606.ENSP00000287139	0	0	0	0	0	0.149	0.900	0	0.911
CDKN2A	MAPK14	1859838	1843222	9606.ENSP00000394932	9606.ENSP00000229794	0	0	0	0	0	0.149	0.900	0	0.911
NODAL	ACVR1C	1847052	1843668	9606.ENSP00000287139	9606.ENSP00000243349	0	0	0	0	0	0.149	0.900	0	0.911
CREBBP	TGFB1	1845124	1842869	9606.ENSP00000262367	9606.ENSP00000221930	0	0	0	0	0	0.149	0.900	0	0.911
SIN3A	CREBBP	1854005	1845124	9606.ENSP00000353622	9606.ENSP00000262367	0	0	0	0	0	0.150	0.900	0	0.911
HDAC1	NR3C1	1855935	1843294	9606.ENSP00000362649	9606.ENSP00000231509	0	0	0	0	0	0.909	0	0	0.909
CBX6	EZH2	1858948	1850211	9606.ENSP00000384490	9606.ENSP00000320147	0	0	0	0	0	0.137	0.900	0	0.909
SMAD4	TGFB1	1852473	1842869	9606.ENSP00000341551	9606.ENSP00000221930	0	0	0	0	0	0.119	0.900	0	0.908
SMAD4	NODAL	1852473	1847052	9606.ENSP00000341551	9606.ENSP00000287139	0	0	0	0	0	0.119	0.900	0	0.908
SMAD2	TGFB3	1845079	1843496	9606.ENSP00000262160	9606.ENSP00000238682	0	0	0	0	0	0.119	0.900	0	0.908
NODAL	SMAD2	1847052	1845079	9606.ENSP00000287139	9606.ENSP00000262160	0	0	0	0	0	0.119	0.900	0	0.908
TGFB2	SMAD3	1854475	1851536	9606.ENSP00000355896	9606.ENSP00000332973	0	0	0	0	0	0.119	0.900	0	0.908
TGFB2	SMAD4	1854475	1852473	9606.ENSP00000355896	9606.ENSP00000341551	0	0	0	0	0	0.119	0.900	0	0.908
UBA52	CDK2	1859324	1845906	9606.ENSP00000388107	9606.ENSP00000266970	0	0	0	0	0	0.125	0.900	0	0.908
SMAD4	TGFB3	1852473	1843496	9606.ENSP00000341551	9606.ENSP00000238682	0	0	0	0	0	0.119	0.900	0	0.908
TGFB2	SMAD2	1854475	1845079	9606.ENSP00000355896	9606.ENSP00000262160	0	0	0	0	0	0.119	0.900	0	0.908
SMAD3	NODAL	1851536	1847052	9606.ENSP00000332973	9606.ENSP00000287139	0	0	0	0	0	0.119	0.900	0	0.908
SMAD3	TGFB3	1851536	1843496	9606.ENSP00000332973	9606.ENSP00000238682	0	0	0	0	0	0.119	0.900	0	0.908
RPS27A	SMAD7	1846244	1845078	9606.ENSP00000272317	9606.ENSP00000262158	0	0	0	0	0	0.111	0.900	0	0.907
SMAD3	SNAI1	1851536	1843697	9606.ENSP00000332973	9606.ENSP00000244050	0	0	0	0	0	0.109	0.900	0	0.907
NEDD4L	SMAD4	1858810	1852473	9606.ENSP00000383199	9606.ENSP00000341551	0	0	0	0	0	0.116	0.900	0	0.907
ETS2	UBC	1853968	1852861	9606.ENSP00000353344	9606.ENSP00000344818	0	0	0	0	0	0.908	0	0	0.907
CDK2	CDK4	1845906	1844551	9606.ENSP00000266970	9606.ENSP00000257904	0	0	0	0.922	0	0.109	0.900	0	0.907
SMAD3	WWP1	1851536	1845749	9606.ENSP00000332973	9606.ENSP00000265428	0	0	0	0	0	0.907	0	0	0.907
PSMD4	SMURF1	1854905	1854172	9606.ENSP00000357879	9606.ENSP00000354621	0	0	0	0	0	0.111	0.900	0	0.907
CDKN2A	ABL1	1859838	1855665	9606.ENSP00000394932	9606.ENSP00000361423	0	0	0	0	0	0.110	0.900	0	0.907
UBA52	CDC25A	1859324	1848560	9606.ENSP00000388107	9606.ENSP00000303706	0	0	0	0	0	0.099	0.900	0	0.906
RNF111	RPS27A	1847116	1846244	9606.ENSP00000288199	9606.ENSP00000272317	0	0	0	0	0	0.101	0.900	0	0.906
ABL1	CDK4	1855665	1844551	9606.ENSP00000361423	9606.ENSP00000257904	0	0	0	0.656	0	0.107	0.900	0	0.906
JUN	CTNNB1	1855436	1852818	9606.ENSP00000360266	9606.ENSP00000344456	0	0	0	0	0	0.105	0.900	0	0.906
MAPK11	ESR1	1851615	1842435	9606.ENSP00000333685	9606.ENSP00000206249	0	0	0	0	0	0.099	0.900	0	0.906
SP1	JUNB	1851138	1848518	9606.ENSP00000329357	9606.ENSP00000303315	0	0	0	0	0	0.101	0.900	0	0.906
ERBB2IP	RPS27A	1857307	1846244	9606.ENSP00000370330	9606.ENSP00000272317	0	0	0	0	0	0.102	0.900	0	0.906
HDAC1	CDK6	1855935	1845799	9606.ENSP00000362649	9606.ENSP00000265734	0	0	0	0	0	0.102	0.900	0	0.906
HDAC1	CDK4	1855935	1844551	9606.ENSP00000362649	9606.ENSP00000257904	0	0	0	0	0	0.102	0.900	0	0.906
ABL1	CDK2	1855665	1845906	9606.ENSP00000361423	9606.ENSP00000266970	0	0	0	0.693	0	0.107	0.900	0	0.906
NEDD4L	TGFBR1	1858810	1856216	9606.ENSP00000383199	9606.ENSP00000364133	0	0	0	0	0	0.101	0.900	0	0.906
TGFBR1	WWP1	1856216	1845749	9606.ENSP00000364133	9606.ENSP00000265428	0	0	0	0	0	0.101	0.900	0	0.906
HIF1A	RPS27A	1852062	1846244	9606.ENSP00000338018	9606.ENSP00000272317	0	0	0	0	0	0.102	0.900	0	0.906
CDC25A	RPS27A	1848560	1846244	9606.ENSP00000303706	9606.ENSP00000272317	0	0	0	0	0	0.099	0.900	0	0.906
ABL1	CDK6	1855665	1845799	9606.ENSP00000361423	9606.ENSP00000265734	0	0	0	0.660	0	0.107	0.900	0	0.906
UBA52	RNF111	1859324	1847116	9606.ENSP00000388107	9606.ENSP00000288199	0	0	0	0	0	0.101	0.900	0	0.906
AR	MAPK14	1856164	1843222	9606.ENSP00000363822	9606.ENSP00000229794	0	0	0	0	0	0.099	0.900	0	0.906
RNF2	MAX	1854609	1853721	9606.ENSP00000356480	9606.ENSP00000351490	0	0	0	0	0	0.106	0.900	0	0.906
FOXH1	GSC	1856663	1843487	9606.ENSP00000366534	9606.ENSP00000238558	0	0	0	0	0	0.105	0.900	0	0.906
SIN3A	SMAD4	1854005	1852473	9606.ENSP00000353622	9606.ENSP00000341551	0	0	0	0	0	0.107	0.900	0	0.906
UBE2D1	CDK2	1856011	1845906	9606.ENSP00000363019	9606.ENSP00000266970	0	0	0	0	0	0.107	0.900	0	0.906
RPS27A	CDKN1A	1846244	1843736	9606.ENSP00000272317	9606.ENSP00000244741	0	0	0	0	0	0.105	0.900	0	0.906
EP300	CDK4	1845316	1844551	9606.ENSP00000263253	9606.ENSP00000257904	0	0	0	0	0	0.099	0.900	0	0.906
CREBBP	CDK4	1845124	1844551	9606.ENSP00000262367	9606.ENSP00000257904	0	0	0	0	0	0.099	0.900	0	0.906
CDKN2A	PIK3CA	1859838	1845446	9606.ENSP00000394932	9606.ENSP00000263967	0	0	0	0	0	0.105	0.900	0	0.906
EIF2C4	CDKN2C	1855854	1845196	9606.ENSP00000362306	9606.ENSP00000262662	0	0	0	0	0	0.095	0.900	0	0.905
MAX	SMAD2	1853721	1845079	9606.ENSP00000351490	9606.ENSP00000262160	0	0	0	0	0	0.098	0.900	0	0.905
CDKN2A	EIF2C4	1859838	1855854	9606.ENSP00000394932	9606.ENSP00000362306	0	0	0	0	0	0.095	0.900	0	0.905
EIF2C1	CDKN2C	1855852	1845196	9606.ENSP00000362300	9606.ENSP00000262662	0	0	0	0	0	0.095	0.900	0	0.905
CDKN2A	EIF2C1	1859838	1855852	9606.ENSP00000394932	9606.ENSP00000362300	0	0	0	0	0	0.095	0.900	0	0.905
CDKN2A	EIF2C3	1859838	1855848	9606.ENSP00000394932	9606.ENSP00000362287	0	0	0	0	0	0.095	0.900	0	0.905
EIF2C3	CDKN2C	1855848	1845196	9606.ENSP00000362287	9606.ENSP00000262662	0	0	0	0	0	0.095	0.900	0	0.905
JUNB	SMAD2	1848518	1845079	9606.ENSP00000303315	9606.ENSP00000262160	0	0	0	0	0	0.098	0.900	0	0.905
TDGF1	SMAD2	1847689	1845079	9606.ENSP00000296145	9606.ENSP00000262160	0	0	0	0	0	0.098	0.900	0	0.905
RPS27A	CDKN1B	1846244	1843169	9606.ENSP00000272317	9606.ENSP00000228872	0	0	0	0	0	0.092	0.900	0	0.905
CDKN2A	CBX6	1859838	1858948	9606.ENSP00000394932	9606.ENSP00000384490	0	0	0	0	0	0.098	0.900	0	0.905
EIF2C1	CDKN2B	1855852	1846519	9606.ENSP00000362300	9606.ENSP00000276925	0	0	0	0	0	0.095	0.900	0	0.905
SMAD3	TDGF1	1851536	1847689	9606.ENSP00000332973	9606.ENSP00000296145	0	0	0	0	0	0.096	0.900	0	0.905
CDKN2A	CTCF	1859838	1845456	9606.ENSP00000394932	9606.ENSP00000264010	0	0	0	0	0	0.091	0.900	0	0.905
SP1	CDKN2C	1851138	1845196	9606.ENSP00000329357	9606.ENSP00000262662	0	0	0	0	0	0.091	0.900	0	0.905
EIF2C3	CDKN2B	1855848	1846519	9606.ENSP00000362287	9606.ENSP00000276925	0	0	0	0	0	0.095	0.900	0	0.905
EIF2C4	CDKN2B	1855854	1846519	9606.ENSP00000362306	9606.ENSP00000276925	0	0	0	0	0	0.095	0.900	0	0.905
WWTR1	SMAD7	1854042	1845078	9606.ENSP00000353847	9606.ENSP00000262158	0	0	0	0	0	0.084	0.900	0	0.904
WWTR1	SMAD3	1854042	1851536	9606.ENSP00000353847	9606.ENSP00000332973	0	0	0	0	0	0.084	0.900	0	0.904
CREBBP	MAPK14	1845124	1843222	9606.ENSP00000262367	9606.ENSP00000229794	0	0	0	0	0	0.084	0.900	0	0.904
SP1	FOS	1851138	1848822	9606.ENSP00000329357	9606.ENSP00000306245	0	0	0	0	0	0.087	0.900	0	0.904
TGFB1	MAPK1	1842869	1842512	9606.ENSP00000221930	9606.ENSP00000215832	0	0	0	0	0	0.081	0.900	0	0.904
WWTR1	SMAD2	1854042	1845079	9606.ENSP00000353847	9606.ENSP00000262160	0	0	0	0	0	0.084	0.900	0	0.904
WWTR1	SMAD4	1854042	1852473	9606.ENSP00000353847	9606.ENSP00000341551	0	0	0	0	0	0.084	0.900	0	0.904
ATF2	ESR1	1845482	1842435	9606.ENSP00000264110	9606.ENSP00000206249	0	0	0	0	0	0.074	0.900	0	0.903
SP1	PIK3CA	1851138	1845446	9606.ENSP00000329357	9606.ENSP00000263967	0	0	0	0	0	0.074	0.900	0	0.903
ATF2	NR3C1	1845482	1843294	9606.ENSP00000264110	9606.ENSP00000231509	0	0	0	0	0	0.074	0.900	0	0.903
FOXO4	CDKN2B	1856074	1846519	9606.ENSP00000363377	9606.ENSP00000276925	0	0	0	0	0	0.073	0.900	0	0.903
SMURF1	TGFB1	1854172	1842869	9606.ENSP00000354621	9606.ENSP00000221930	0	0	0	0	0	0.078	0.900	0	0.903
UBE2D1	SMAD4	1856011	1852473	9606.ENSP00000363019	9606.ENSP00000341551	0	0	0	0	0	0.074	0.900	0	0.903
CDKN2A	ETS1	1859838	1858032	9606.ENSP00000394932	9606.ENSP00000376436	0	0	0	0	0	0.074	0.900	0	0.903
CDKN2A	ETS2	1859838	1853968	9606.ENSP00000394932	9606.ENSP00000353344	0	0	0	0	0	0.074	0.900	0	0.903
NEDD4L	TGFB1	1858810	1842869	9606.ENSP00000383199	9606.ENSP00000221930	0	0	0	0	0	0.078	0.900	0	0.903
FOXO3	CDKN2B	1852227	1846519	9606.ENSP00000339527	9606.ENSP00000276925	0	0	0	0	0	0.073	0.900	0	0.903
UBE2D1	SMAD2	1856011	1845079	9606.ENSP00000363019	9606.ENSP00000262160	0	0	0	0	0	0.074	0.900	0	0.903
RAN	HDAC1	1857999	1855935	9606.ENSP00000376176	9606.ENSP00000362649	0	0	0	0	0	0.073	0.900	0	0.903
UBE2D1	SMAD3	1856011	1851536	9606.ENSP00000363019	9606.ENSP00000332973	0	0	0	0	0	0.074	0.900	0	0.903
FOXO1	CDKN2B	1857055	1846519	9606.ENSP00000368880	9606.ENSP00000276925	0	0	0	0	0	0.073	0.900	0	0.903
WWTR1	CREBBP	1854042	1845124	9606.ENSP00000353847	9606.ENSP00000262367	0	0	0	0	0	0.064	0.900	0	0.902
WWTR1	KAT2B	1854042	1845408	9606.ENSP00000353847	9606.ENSP00000263754	0	0	0	0	0	0.064	0.900	0	0.902
WWTR1	RNF111	1854042	1847116	9606.ENSP00000353847	9606.ENSP00000288199	0	0	0	0	0	0	0.900	0	0.900
CBX6	MAPK11	1858948	1851615	9606.ENSP00000384490	9606.ENSP00000333685	0	0	0	0	0	0	0.900	0	0.900
E2F1	SUZ12	1852951	1849881	9606.ENSP00000345571	9606.ENSP00000316578	0	0	0	0	0	0	0.900	0	0.900
CBX6	TNRC6C	1858948	1851926	9606.ENSP00000384490	9606.ENSP00000336783	0	0	0	0	0	0	0.900	0	0.900
CBX6	EIF2C1	1858948	1855852	9606.ENSP00000384490	9606.ENSP00000362300	0	0	0	0	0	0	0.900	0	0.900
TNRC6A	E2F1	1858333	1852951	9606.ENSP00000379144	9606.ENSP00000345571	0	0	0	0	0	0	0.900	0	0.900
UBA52	SMAD3	1859324	1851536	9606.ENSP00000388107	9606.ENSP00000332973	0	0	0	0	0	0	0.900	0	0.900
MAX	SNAI1	1853721	1843697	9606.ENSP00000351490	9606.ENSP00000244050	0	0	0	0	0	0	0.900	0	0.900
UBA52	HIF1A	1859324	1852062	9606.ENSP00000388107	9606.ENSP00000338018	0	0	0	0	0	0	0.900	0	0.900
TNRC6B	CDKN2B	1860314	1846519	9606.ENSP00000401946	9606.ENSP00000276925	0	0	0	0	0	0	0.900	0	0.900
TNRC6B	CDKN2C	1860314	1845196	9606.ENSP00000401946	9606.ENSP00000262662	0	0	0	0	0	0	0.900	0	0.900
CDKN2A	TNRC6C	1859838	1851926	9606.ENSP00000394932	9606.ENSP00000336783	0	0	0	0	0	0	0.900	0	0.900
CBX6	MAPK14	1858948	1843222	9606.ENSP00000384490	9606.ENSP00000229794	0	0	0	0	0	0	0.900	0	0.900
RNF2	MAPK14	1854609	1843222	9606.ENSP00000356480	9606.ENSP00000229794	0	0	0	0	0	0	0.900	0	0.900
TNRC6C	MAPK14	1851926	1843222	9606.ENSP00000336783	9606.ENSP00000229794	0	0	0	0	0	0	0.900	0	0.900
RAN	FOXO4	1857999	1856074	9606.ENSP00000376176	9606.ENSP00000363377	0	0	0	0	0	0	0.900	0	0.900
HDAC1	WWTR1	1855935	1854042	9606.ENSP00000362649	9606.ENSP00000353847	0	0	0	0	0	0	0.900	0	0.900
UBA52	SKIL	1859324	1844666	9606.ENSP00000388107	9606.ENSP00000259119	0	0	0	0	0	0	0.900	0	0.900
TNRC6C	CDK6	1851926	1845799	9606.ENSP00000336783	9606.ENSP00000265734	0	0	0	0	0	0	0.900	0	0.900
MAX	MAPK11	1853721	1851615	9606.ENSP00000351490	9606.ENSP00000333685	0	0	0	0	0	0	0.900	0	0.900
UBC	EP300	1852861	1845316	9606.ENSP00000344818	9606.ENSP00000263253	0	0	0	0	0	0.900	0	0	0.900
TNRC6A	CDK4	1858333	1844551	9606.ENSP00000379144	9606.ENSP00000257904	0	0	0	0	0	0	0.900	0	0.900
STRAP	ZFYVE9	1859630	1847085	9606.ENSP00000392270	9606.ENSP00000287727	0	0	0	0	0	0	0.900	0	0.900
TNRC6B	ETS1	1860314	1858032	9606.ENSP00000401946	9606.ENSP00000376436	0	0	0	0	0	0	0.900	0	0.900
TNRC6C	SP1	1851926	1851138	9606.ENSP00000336783	9606.ENSP00000329357	0	0	0	0	0	0	0.900	0	0.900
WWTR1	TGIF1	1854042	1850975	9606.ENSP00000353847	9606.ENSP00000327959	0	0	0	0	0	0	0.900	0	0.900
TNRC6A	ETS1	1858333	1858032	9606.ENSP00000379144	9606.ENSP00000376436	0	0	0	0	0	0	0.900	0	0.900
TNRC6B	SP1	1860314	1851138	9606.ENSP00000401946	9606.ENSP00000329357	0	0	0	0	0	0	0.900	0	0.900
CBX6	EIF2C4	1858948	1855854	9606.ENSP00000384490	9606.ENSP00000362306	0	0	0	0	0	0	0.900	0	0.900
E2F1	TNRC6C	1852951	1851926	9606.ENSP00000345571	9606.ENSP00000336783	0	0	0	0	0	0	0.900	0	0.900
TNRC6B	MAPK11	1860314	1851615	9606.ENSP00000401946	9606.ENSP00000333685	0	0	0	0	0	0	0.900	0	0.900
TNRC6C	CDKN2B	1851926	1846519	9606.ENSP00000336783	9606.ENSP00000276925	0	0	0	0	0	0	0.900	0	0.900
UBA52	CEBPB	1859324	1848728	9606.ENSP00000388107	9606.ENSP00000305422	0	0	0	0	0	0	0.900	0	0.900
TNRC6B	MAPK14	1860314	1843222	9606.ENSP00000401946	9606.ENSP00000229794	0	0	0	0	0	0	0.900	0	0.900
TNRC6C	CDK4	1851926	1844551	9606.ENSP00000336783	9606.ENSP00000257904	0	0	0	0	0	0	0.900	0	0.900
TNRC6B	E2F1	1860314	1852951	9606.ENSP00000401946	9606.ENSP00000345571	0	0	0	0	0	0	0.900	0	0.900
TNRC6C	TP53	1851926	1846083	9606.ENSP00000336783	9606.ENSP00000269305	0	0	0	0	0	0	0.900	0	0.900
TNRC6C	MAPK11	1851926	1851615	9606.ENSP00000336783	9606.ENSP00000333685	0	0	0	0	0	0	0.900	0	0.900
PIN1	MAPK1	1843886	1842512	9606.ENSP00000247970	9606.ENSP00000215832	0	0	0	0	0	0	0.900	0	0.900
TGFBR2	WWP1	1853779	1845749	9606.ENSP00000351905	9606.ENSP00000265428	0	0	0	0	0	0	0.900	0	0.900
E2F1	EED	1852951	1845338	9606.ENSP00000345571	9606.ENSP00000263360	0	0	0	0	0	0	0.900	0	0.900
UBA52	CCND1	1859324	1843117	9606.ENSP00000388107	9606.ENSP00000227507	0	0	0	0	0	0	0.900	0	0.900
EIF2C4	E2F1	1855854	1852951	9606.ENSP00000362306	9606.ENSP00000345571	0	0	0	0	0	0	0.900	0	0.900
TNRC6A	RNF2	1858333	1854609	9606.ENSP00000379144	9606.ENSP00000356480	0	0	0	0	0	0	0.900	0	0.900
HDAC1	NUP214	1855935	1853838	9606.ENSP00000362649	9606.ENSP00000352400	0	0	0	0	0	0	0.900	0	0.900
RPS27A	AXIN1	1846244	1845118	9606.ENSP00000272317	9606.ENSP00000262320	0	0	0	0	0	0	0.900	0	0.900
TNRC6B	CDKN2A	1860314	1859838	9606.ENSP00000401946	9606.ENSP00000394932	0	0	0	0	0	0	0.900	0	0.900
RNF2	MAPK11	1854609	1851615	9606.ENSP00000356480	9606.ENSP00000333685	0	0	0	0	0	0	0.900	0	0.900
TNRC6C	CDKN2C	1851926	1845196	9606.ENSP00000336783	9606.ENSP00000262662	0	0	0	0	0	0	0.900	0	0.900
EIF2C3	ETS2	1855848	1853968	9606.ENSP00000362287	9606.ENSP00000353344	0	0	0	0	0	0	0.900	0	0.900
UBA52	SKI	1859324	1856887	9606.ENSP00000388107	9606.ENSP00000367797	0	0	0	0	0	0	0.900	0	0.900
EIF2C4	RNF2	1855854	1854609	9606.ENSP00000362306	9606.ENSP00000356480	0	0	0	0	0	0	0.900	0	0.900
RNF2	TNRC6C	1854609	1851926	9606.ENSP00000356480	9606.ENSP00000336783	0	0	0	0	0	0	0.900	0	0.900
EIF2C1	MAPK11	1855852	1851615	9606.ENSP00000362300	9606.ENSP00000333685	0	0	0	0	0	0	0.900	0	0.900
UBA52	TRIM33	1859324	1853689	9606.ENSP00000388107	9606.ENSP00000351250	0	0	0	0	0	0	0.900	0	0.900
IRF7	NR3C1	1851145	1843294	9606.ENSP00000329411	9606.ENSP00000231509	0	0	0	0	0	0	0.900	0	0.900
UBA52	CDKN1A	1859324	1843736	9606.ENSP00000388107	9606.ENSP00000244741	0	0	0	0	0	0	0.900	0	0.900
TNRC6A	ETS2	1858333	1853968	9606.ENSP00000379144	9606.ENSP00000353344	0	0	0	0	0	0	0.900	0	0.900
TRIM33	RPS27A	1853689	1846244	9606.ENSP00000351250	9606.ENSP00000272317	0	0	0	0	0	0	0.900	0	0.900
TNRC6A	SP1	1858333	1851138	9606.ENSP00000379144	9606.ENSP00000329357	0	0	0	0	0	0	0.900	0	0.900
CTDSP2	SMAD3	1858567	1851536	9606.ENSP00000381148	9606.ENSP00000332973	0	0	0	0	0	0	0.900	0	0.900
EIF2C3	SP1	1855848	1851138	9606.ENSP00000362287	9606.ENSP00000329357	0	0	0	0	0	0	0.900	0	0.900
STRAP	NEDD4L	1859630	1858810	9606.ENSP00000392270	9606.ENSP00000383199	0	0	0	0	0	0	0.900	0	0.900
MDM2	TNRC6B	1861282	1860314	9606.ENSP00000417281	9606.ENSP00000401946	0	0	0	0	0	0	0.900	0	0.900
TNRC6A	CDKN2C	1858333	1845196	9606.ENSP00000379144	9606.ENSP00000262662	0	0	0	0	0	0	0.900	0	0.900
EIF2C3	RNF2	1855848	1854609	9606.ENSP00000362287	9606.ENSP00000356480	0	0	0	0	0	0	0.900	0	0.900
TNRC6B	RNF2	1860314	1854609	9606.ENSP00000401946	9606.ENSP00000356480	0	0	0	0	0	0	0.900	0	0.900
TNRC6A	CDKN2B	1858333	1846519	9606.ENSP00000379144	9606.ENSP00000276925	0	0	0	0	0	0	0.900	0	0.900
CDKN2A	TNRC6A	1859838	1858333	9606.ENSP00000394932	9606.ENSP00000379144	0	0	0	0	0	0	0.900	0	0.900
ETS1	EIF2C1	1858032	1855852	9606.ENSP00000376436	9606.ENSP00000362300	0	0	0	0	0	0	0.900	0	0.900
MDM2	UBA52	1861282	1859324	9606.ENSP00000417281	9606.ENSP00000388107	0	0	0	0	0	0	0.900	0	0.900
UBA52	CDKN1B	1859324	1843169	9606.ENSP00000388107	9606.ENSP00000228872	0	0	0	0	0	0	0.900	0	0.900
CBX6	EIF2C3	1858948	1855848	9606.ENSP00000384490	9606.ENSP00000362287	0	0	0	0	0	0	0.900	0	0.900
TNRC6B	CDK4	1860314	1844551	9606.ENSP00000401946	9606.ENSP00000257904	0	0	0	0	0	0	0.900	0	0.900
ETS1	TNRC6C	1858032	1851926	9606.ENSP00000376436	9606.ENSP00000336783	0	0	0	0	0	0	0.900	0	0.900
ZBTB17	SP1	1856370	1851138	9606.ENSP00000364895	9606.ENSP00000329357	0	0	0	0.616	0	0	0.900	0	0.900
CEBPB	RPS27A	1848728	1846244	9606.ENSP00000305422	9606.ENSP00000272317	0	0	0	0	0	0	0.900	0	0.900
ETS1	EIF2C4	1858032	1855854	9606.ENSP00000376436	9606.ENSP00000362306	0	0	0	0	0	0	0.900	0	0.900
EIF2C1	RNF2	1855852	1854609	9606.ENSP00000362300	9606.ENSP00000356480	0	0	0	0	0	0	0.900	0	0.900
EIF2C4	ETS2	1855854	1853968	9606.ENSP00000362306	9606.ENSP00000353344	0	0	0	0	0	0	0.900	0	0.900
MED15	CDK4	1845304	1844551	9606.ENSP00000263205	9606.ENSP00000257904	0	0	0	0	0	0	0.900	0	0.900
ETS2	TNRC6C	1853968	1851926	9606.ENSP00000353344	9606.ENSP00000336783	0	0	0	0	0	0	0.900	0	0.900
UBA52	AXIN1	1859324	1845118	9606.ENSP00000388107	9606.ENSP00000262320	0	0	0	0	0	0	0.900	0	0.900
RAN	FOXO1	1857999	1857055	9606.ENSP00000376176	9606.ENSP00000368880	0	0	0	0	0	0	0.900	0	0.900
EIF2C1	ETS2	1855852	1853968	9606.ENSP00000362300	9606.ENSP00000353344	0	0	0	0	0	0	0.900	0	0.900
EIF2C3	MAPK11	1855848	1851615	9606.ENSP00000362287	9606.ENSP00000333685	0	0	0	0	0	0	0.900	0	0.900
MDM2	TNRC6C	1861282	1851926	9606.ENSP00000417281	9606.ENSP00000336783	0	0	0	0	0	0	0.900	0	0.900
EIF2C3	E2F1	1855848	1852951	9606.ENSP00000362287	9606.ENSP00000345571	0	0	0	0	0	0	0.900	0	0.900
STRAP	CTNNB1	1859630	1852818	9606.ENSP00000392270	9606.ENSP00000344456	0	0	0	0	0	0	0.900	0	0.900
TNRC6B	CBX6	1860314	1858948	9606.ENSP00000401946	9606.ENSP00000384490	0	0	0	0	0	0	0.900	0	0.900
SKI	UBE2D1	1856887	1856011	9606.ENSP00000367797	9606.ENSP00000363019	0	0	0	0	0	0	0.900	0	0.900
CBX6	TNRC6A	1858948	1858333	9606.ENSP00000384490	9606.ENSP00000379144	0	0	0	0	0	0	0.900	0	0.900
CEBPB	MED15	1848728	1845304	9606.ENSP00000305422	9606.ENSP00000263205	0	0	0	0	0	0	0.900	0	0.900
EIF2C4	SP1	1855854	1851138	9606.ENSP00000362306	9606.ENSP00000329357	0	0	0	0	0	0	0.900	0	0.900
EIF2C4	MAPK11	1855854	1851615	9606.ENSP00000362306	9606.ENSP00000333685	0	0	0	0	0	0	0.900	0	0.900